Artikelnummer;Name;Einheit;Bestand;"Bestand aktiviert";Umsatzsteuer;Einkaufspreis;Verkaufspreis;Kategorie;Beschreibung
1188;"SAX Power Home Plus 7,7kWh inkl. Schwarzst.";Stk;0,00;1;20,00;2.812,00;3.820,00;Standard;
1187;"FERNWARTUNG der PV Anlage";Stk;0,00;1;20,00;0,00;0,00;Standard;"Unsere Experten führen regelmäßige Analysen durch, um die Effizienz Ihrer Anlage zu bewerten. Hierzu gehören auch automatisierte Software-Updates und ggf. die Anpassung von Einstellungen, um die optimale Leistung sicherzustellen."
1186;"AIKO-GLAS-GLAS NEOSTAR FULL BLACK 475 WP";Stk;0,00;1;20,00;73,00;99,00;Module;"✔ Optimierung bei Teilverschattung & besserer Temperaturkoeffizient ✔ Geringere Zelltemperatur bei Verschattung & Widerstandsfähigkeit gegen Mikrorisse ✔ Höhere Leistung & niedrigere BOS ✔ Mehr ästhetische Werte & Infinite-Technologie ✔ 30 Jahre Leistungsgarantie"
1185;"SIGENERGY Batteriemodul 6.0";Stk;0,00;1;20,00;0,00;3.145,00;Standard;"Dieses Batteriesystem bietet hohe Zellkapazität und lange Lebensdauer bei geringer Spannung. Ein umfassendes Sicherheitskonzept schützt die Batterie, deren Zustand bequem über die mySigen-App überwacht werden kann. Die einfache Installation wird durch Steckverbinder gewährleistet, während KI-Technologie die Batterielaufzeit optimiert. Dank der Möglichkeit zu parallelen Verbindungen lassen sich verschiedene Batteriekonfigurationen realisieren, was Flexibilität in der Anwendung garantiert. • Abmessungen: 260 × 767 × 270 mm (H x B x T) • Nettospeicherkapazität: 5,84 kWh • Gewicht: 61,50 kg"
1184;"SIGENERGY Battery Controller BC inkl. Bodenmontageset";Stk;0,00;1;0,00;0,00;990,00;SigEnergy;"Zwingend erforderlich für den sicheren Betrieb & die Erweiterbarkeit des Gesamtsystems."
1183;"SIGENERGY Hybrid Wechselrichter 12.0 kW TP2 dreiphasig";Stk;0,00;1;20,00;0,00;2.090,00;SigEnergy;"Modernster Hybridinverter – battery-ready & KI-fähig. • Dreiphasig • Kann sofort oder später mit Speicher betrieben werden • Kompatibel mit Sigenergy SigenStor Batteriesystemen • Hohe Effizienz & smarte Steuerung • bis zu 15 Jahre Garantielaufzeit"
1182;"SIGENERGY Hybrid Wechselrichter 10.0 kW TP2 dreiphasig";Stk;0,00;1;20,00;0,00;1.990,00;SigEnergy;"Modernster Hybridinverter – battery-ready & KI-fähig. • Dreiphasig • Kann sofort oder später mit Speicher betrieben werden • Kompatibel mit Sigenergy SigenStor Batteriesystemen • Hohe Effizienz & smarte Steuerung • bis zu 15 Jahre Garantielaufzeit"
1181;"SIGENERGY Hybrid Wechselrichter 8.0 kW TP2 dreiphasig";Stk;0,00;1;20,00;0,00;1.890,00;SigEnergy;"Modernster Hybridinverter – battery-ready & KI-fähig. • Dreiphasig • Kann sofort oder später mit Speicher betrieben werden • Kompatibel mit Sigenergy SigenStor Batteriesystemen • Hohe Effizienz & smarte Steuerung • bis zu 15 Jahre Garantielaufzeit"
1180;"SIGENERGY Hybrid Wechselrichter 6.0 kW TP2 dreiphasig";Stk;0,00;1;20,00;0,00;1.790,00;SigEnergy;"Modernster Hybridinverter – battery-ready & KI-fähig. • Dreiphasig • Kann sofort oder später mit Speicher betrieben werden • Kompatibel mit Sigenergy SigenStor Batteriesystemen • Hohe Effizienz & smarte Steuerung • bis zu 15 Jahre Garantielaufzeit"
1179;"SIGENERGY Hybrid Wechselrichter 5.0 kW TP2 dreiphasig";Stk;0,00;1;20,00;0,00;1.690,00;SigEnergy;"Modernster Hybridinverter – battery-ready & KI-fähig. • Dreiphasig • Kann sofort oder später mit Speicher betrieben werden • Kompatibel mit Sigenergy SigenStor Batteriesystemen • Hohe Effizienz & smarte Steuerung • bis zu 15 Jahre Garantielaufzeit"
1178;"SIGENERGY Hybrid Wechselrichter 4.0 kW TP2 dreiphasig";Stk;0,00;1;20,00;0,00;1.590,00;SigEnergy;"Modernster Hybridinverter – battery-ready & KI-fähig. • Dreiphasig • Kann sofort oder später mit Speicher betrieben werden • Kompatibel mit Sigenergy SigenStor Batteriesystemen • Hohe Effizienz & smarte Steuerung • bis zu 15 Jahre Garantielaufzeit"
1177;"SIGENERGY Hybrid Wechselrichter 3.0 kW TP2 dreiphasig";Stk;0,00;1;20,00;0,00;1.490,00;SigEnergy;"Modernster Hybridinverter – battery-ready & KI-fähig. • Dreiphasig • Kann sofort oder später mit Speicher betrieben werden • Kompatibel mit Sigenergy SigenStor Batteriesystemen • Hohe Effizienz & smarte Steuerung • bis zu 15 Jahre Garantielaufzeit"
1176;"GROWATT Smart Meter 3-phasig 80A";Stk;0,00;1;20,00;0,00;379,00;Growatt;"Der TPM-C Stromzähler (DTSU666) von Growatt ist eine 3-phasige Komplettlösung für Netzexportbegrenzungen und Eigenverbrauchsüberwachung, deren Daten über ein LCD-Display abgelesen werden kann. Er zeichnet sich durch eine hohe Messgenauigkeit und einfache Installation durch Plug and Play aus. Mit RS485-Kommunikation und direkten Anschlüssen, ist der Stromzähler mit sehr vielen Wechselrichtern von Growatt kompatibel."
1175;"GROWATT SYN Back-Up Box";Stk;0,00;1;20,00;0,00;990,00;Growatt;"Eine Back-Up Box zur Notstromersatzerzeugung kann hinzugezogen werden. Sie ist in der Lage im Falle eines Stromausfalls, bis zu 10kWh aus dem Solarspeicher zur Verfügung zu stellen."
1174;"GROWATT APX BMS & Batteriebasis";Stk;0,00;1;20,00;0,00;990,00;Growatt;"Der Aufbau beinhaltet ein Batteriemanagementsystem der neuesten Generation, welches die Batteriemodule vor widrigen Bedingungen schützt und eine Batteriebasis, die für einen sicheren Stand bei der Bodeninstallation sorgt."
1173;"GROWATT APX 5.0 Batterie";Stk;0,00;1;20,00;0,00;1.990,00;Growatt;"Das APX Batteriesystem zeigt hierbei seine flexiblen Konfigurationsmöglichkeiten. Diese sind von 5kWh bis zu 30kWh erweiterbar. Durch das einfache Design, gestaltet sich die Installation und Erweiterung sehr unkompliziert mit Hilfe von Kabeln. Ein weiterer Fortschritt des neuen Speichersystems besteht darin, dass im Gegensatz zu anderen Systemen, kein Batterieschrank mehr benötigt wird. Du benötigst lediglich die dazugehörige Batteriebasis, die bei diesem Speichersystem inklusive ist. Die APX-Serie unterstützt das Kombinieren von gemischten Batterie-Packs aus neuen und alten Chargen, sowie unterschiedlichen Kapazitäten."
1172;"GROWATT MOD 10KTL";Stk;0,00;1;20,00;0,00;2.690,00;Growatt;"Der Growatt MOD Hybrid-Inverter ist ein 3-phasiger Wechselrichter, der mit seiner hohen Leistung und seiner Kompaktheit für einen einfachen und benutzerfreundlichen Betrieb großer Solaranlagen sorgt. Der Inverter zeichnet sich durch einen hohen Wirkungsgrad von 98,3 % aus, was ihn zu einem leistungsstarken und flexiblen Gerät bei der Konfiguration einer Anlage macht. Neben 2 unabhängigen MPPT-Eingängen und einer maximalen PV-Leistung von 6000W, verfügt der Wechselrichter auch über ein OLED-Touch-Display, was von großen Vorteil für eine einfache und unkomplizierte Bedienung ist. Zusätzlich lassen sich Lasten und Batterien anschließen. Hierzu kompatibel ist das APX Batteriesystem. Optional kann die MOD-XH-BP-Serie mit der SYN 50 XH 30 - Backup-Box kombiniert werden, um einen Offgrid-Betrieb zu erreichen."
1171;"GROWATT MOD 9KTL";Stk;0,00;1;20,00;0,00;2.590,00;Growatt;"Der Growatt MOD Hybrid-Inverter ist ein 3-phasiger Wechselrichter, der mit seiner hohen Leistung und seiner Kompaktheit für einen einfachen und benutzerfreundlichen Betrieb großer Solaranlagen sorgt. Der Inverter zeichnet sich durch einen hohen Wirkungsgrad von 98,3 % aus, was ihn zu einem leistungsstarken und flexiblen Gerät bei der Konfiguration einer Anlage macht. Neben 2 unabhängigen MPPT-Eingängen und einer maximalen PV-Leistung von 6000W, verfügt der Wechselrichter auch über ein OLED-Touch-Display, was von großen Vorteil für eine einfache und unkomplizierte Bedienung ist. Zusätzlich lassen sich Lasten und Batterien anschließen. Hierzu kompatibel ist das APX Batteriesystem. Optional kann die MOD-XH-BP-Serie mit der SYN 50 XH 30 - Backup-Box kombiniert werden, um einen Offgrid-Betrieb zu erreichen."
1170;"GROWATT MOD 8KTL";Stk;0,00;1;20,00;0,00;2.490,00;Growatt;"Der Growatt MOD Hybrid-Inverter ist ein 3-phasiger Wechselrichter, der mit seiner hohen Leistung und seiner Kompaktheit für einen einfachen und benutzerfreundlichen Betrieb großer Solaranlagen sorgt. Der Inverter zeichnet sich durch einen hohen Wirkungsgrad von 98,3 % aus, was ihn zu einem leistungsstarken und flexiblen Gerät bei der Konfiguration einer Anlage macht. Neben 2 unabhängigen MPPT-Eingängen und einer maximalen PV-Leistung von 6000W, verfügt der Wechselrichter auch über ein OLED-Touch-Display, was von großen Vorteil für eine einfache und unkomplizierte Bedienung ist. Zusätzlich lassen sich Lasten und Batterien anschließen. Hierzu kompatibel ist das APX Batteriesystem. Optional kann die MOD-XH-BP-Serie mit der SYN 50 XH 30 - Backup-Box kombiniert werden, um einen Offgrid-Betrieb zu erreichen."
1169;"GROWATT MOD 7KTL";Stk;0,00;1;20,00;0,00;2.390,00;Growatt;"Der Growatt MOD Hybrid-Inverter ist ein 3-phasiger Wechselrichter, der mit seiner hohen Leistung und seiner Kompaktheit für einen einfachen und benutzerfreundlichen Betrieb großer Solaranlagen sorgt. Der Inverter zeichnet sich durch einen hohen Wirkungsgrad von 98,3 % aus, was ihn zu einem leistungsstarken und flexiblen Gerät bei der Konfiguration einer Anlage macht. Neben 2 unabhängigen MPPT-Eingängen und einer maximalen PV-Leistung von 6000W, verfügt der Wechselrichter auch über ein OLED-Touch-Display, was von großen Vorteil für eine einfache und unkomplizierte Bedienung ist. Zusätzlich lassen sich Lasten und Batterien anschließen. Hierzu kompatibel ist das APX Batteriesystem. Optional kann die MOD-XH-BP-Serie mit der SYN 50 XH 30 - Backup-Box kombiniert werden, um einen Offgrid-Betrieb zu erreichen."
1168;"GROWATT MOD 6KTL";Stk;0,00;1;20,00;0,00;2.290,00;Growatt;"Der Growatt MOD Hybrid-Inverter ist ein 3-phasiger Wechselrichter, der mit seiner hohen Leistung und seiner Kompaktheit für einen einfachen und benutzerfreundlichen Betrieb großer Solaranlagen sorgt. Der Inverter zeichnet sich durch einen hohen Wirkungsgrad von 98,3 % aus, was ihn zu einem leistungsstarken und flexiblen Gerät bei der Konfiguration einer Anlage macht. Neben 2 unabhängigen MPPT-Eingängen und einer maximalen PV-Leistung von 6000W, verfügt der Wechselrichter auch über ein OLED-Touch-Display, was von großen Vorteil für eine einfache und unkomplizierte Bedienung ist. Zusätzlich lassen sich Lasten und Batterien anschließen. Hierzu kompatibel ist das APX Batteriesystem. Optional kann die MOD-XH-BP-Serie mit der SYN 50 XH 30 - Backup-Box kombiniert werden, um einen Offgrid-Betrieb zu erreichen."
1167;"GROWATT MOD 5KTL";Stk;0,00;1;20,00;0,00;2.190,00;Growatt;"Der Growatt MOD Hybrid-Inverter ist ein 3-phasiger Wechselrichter, der mit seiner hohen Leistung und seiner Kompaktheit für einen einfachen und benutzerfreundlichen Betrieb großer Solaranlagen sorgt. Der Inverter zeichnet sich durch einen hohen Wirkungsgrad von 98,3 % aus, was ihn zu einem leistungsstarken und flexiblen Gerät bei der Konfiguration einer Anlage macht. Neben 2 unabhängigen MPPT-Eingängen und einer maximalen PV-Leistung von 6000W, verfügt der Wechselrichter auch über ein OLED-Touch-Display, was von großen Vorteil für eine einfache und unkomplizierte Bedienung ist. Zusätzlich lassen sich Lasten und Batterien anschließen. Hierzu kompatibel ist das APX Batteriesystem. Optional kann die MOD-XH-BP-Serie mit der SYN 50 XH 30 - Backup-Box kombiniert werden, um einen Offgrid-Betrieb zu erreichen."
1166;"GROWATT MOD 4KTL";Stk;0,00;1;20,00;0,00;2.090,00;Growatt;"Der Growatt MOD Hybrid-Inverter ist ein 3-phasiger Wechselrichter, der mit seiner hohen Leistung und seiner Kompaktheit für einen einfachen und benutzerfreundlichen Betrieb großer Solaranlagen sorgt. Der Inverter zeichnet sich durch einen hohen Wirkungsgrad von 98,3 % aus, was ihn zu einem leistungsstarken und flexiblen Gerät bei der Konfiguration einer Anlage macht. Neben 2 unabhängigen MPPT-Eingängen und einer maximalen PV-Leistung von 6000W, verfügt der Wechselrichter auch über ein OLED-Touch-Display, was von großen Vorteil für eine einfache und unkomplizierte Bedienung ist. Zusätzlich lassen sich Lasten und Batterien anschließen. Hierzu kompatibel ist das APX Batteriesystem. Optional kann die MOD-XH-BP-Serie mit der SYN 50 XH 30 - Backup-Box kombiniert werden, um einen Offgrid-Betrieb zu erreichen."
1165;"GROWATT MOD 3KTL";Stk;0,00;1;20,00;0,00;1.990,00;Growatt;"Der Growatt MOD Hybrid-Inverter ist ein 3-phasiger Wechselrichter, der mit seiner hohen Leistung und seiner Kompaktheit für einen einfachen und benutzerfreundlichen Betrieb großer Solaranlagen sorgt. Der Inverter zeichnet sich durch einen hohen Wirkungsgrad von 98,3 % aus, was ihn zu einem leistungsstarken und flexiblen Gerät bei der Konfiguration einer Anlage macht. Neben 2 unabhängigen MPPT-Eingängen und einer maximalen PV-Leistung von 6000W, verfügt der Wechselrichter auch über ein OLED-Touch-Display, was von großen Vorteil für eine einfache und unkomplizierte Bedienung ist. Zusätzlich lassen sich Lasten und Batterien anschließen. Hierzu kompatibel ist das APX Batteriesystem. Optional kann die MOD-XH-BP-Serie mit der SYN 50 XH 30 - Backup-Box kombiniert werden, um einen Offgrid-Betrieb zu erreichen."
1164;"SIGENERGY GarantiePlus 15";Stk;0,00;1;20,00;0,00;1.490,00;SigEnergy;"15 Jahre Garantie auf Wechselrichter & Speicher! „GarantiePlus 15“ beinhaltet eine erweiterte Garantie für eine beeindruckende Dauer von 15 Jahren. Somit ist es deutlich mehr als nur eine Standardgarantie und vermittelt 15 Jahre Sicherheit bei der Stromproduktion."
1163;"SIGENERGY SparSmart KI";Stk;0,00;1;20,00;0,00;990,00;SigEnergy;"Künstliche Intelligenz zur automatischen Strompreisoptimierung. • Überwacht Strompreise • Lädt Speicher bei günstigem Strom • Steigert Selbstverbrauch • Maximiert monatliche Einsparung"
1162;"NOTSTROMSCHALTER MANUELL";Stk;0,00;1;20,00;250,00;750,00;Standard;"Erhöht die Versorgungssicherheit – ermöglicht manuelles Umschalten auf Notstrombetrieb. Ideal für Haushalte, die maximale Unabhängigkeit wünschen."
1161;"SIGENERGY Batteriemodul 10.0";Stk;0,00;1;20,00;2.520,00;5.990,00;SigEnergy;"Hochleistungsbatterie mit KI-Technologie – maximale Unabhängigkeit & Sicherheit. • Nettospeicher: 8.76 kWh • Extrem lange Lebensdauer • KI-Optimierung zur Verlängerung der Batterienutzung • Kompakte Bauform (61,5 kg, 260 × 767 × 270 mm) • App-Überwachung in Echtzeit • bis zu 15 Jahre Garantielaufzeit"
1160;"SIGENERGY Batteriemodul 6 kWh";Stk;0,00;1;20,00;1.965,00;4.100,00;SigEnergy;"Dieses Batteriesystem bietet hohe Zellkapazität und lange Lebensdauer bei geringer Spannung. Ein umfassendes Sicherheitskonzept schützt die Batterie, deren Zustand bequem über die mySigen-App überwacht werden kann. Die einfache Installation wird durch Steckverbinder gewährleistet, während KI-Technologie die Batterielaufzeit optimiert. Dank der Möglichkeit zu parallelen Verbindungen lassen sich verschiedene Batteriekonfigurationen realisieren, was Flexibilität in der Anwendung garantiert. • Abmessungen: 260 × 767 × 270 mm (H x B x T) • Gewicht: 61,50 kg"
1159;"SIGENERGY Energy Controller 30kW";Stk;0,00;1;20,00;2.806,00;4.500,00;SigEnergy;"Der Sigen Hybrid-Wechselrichter von Sigenergy vereint Effizienz und Sicherheit für Solaranlagen. Mit bis zu vier MPP-Trackern optimiert er die Energiegewinnung und deckt alle PV-Module auf einem Dach ab. Die robuste Konstruktion gewährleistet Schutz vor Staub und Regen (IP66) und beinhaltet Sicherheitsfunktionen wie DC-Fehlerstromschutz. Mit einer hohen DC/AC-Ratio von bis zu 2 erreicht der Wechselrichter eine maximale Effizienz von 98,5%. Er bietet die Flexibilität, Batterien nachzurüsten, um das Solarsystem zu erweitern, und lässt sich intuitiv über die mySigen App steuern. • Abmessungen: 260 × 700 × 200 mm (H x B x T) • Gewicht: 36 kg"
1158;"HUAWEI-LUNA2000 7kWh SPEICHERSYSTEM";Stk;0,00;1;20,00;3.262,57;4.500,00;Huawei;"Die Huawei Luna Smart String Batterie bietet eine modulare Lösung, die genau auf Ihre Bedürfnisse zugeschnitten ist. Mit 7 kWh, 14 kWh oder 21 kWh und der Möglichkeit zur nachträglichen Erweiterung ist die Luna Batterie ideal, um auf geänderte Bedürfnisse reagieren zu können. In Kombination mit dem optionalen PV Optimizer erhalten Sie ein leistungsstarkes System mit hoher Effizienz."
1156;"HUAWEI WR-SUN2000-10K-MAP0";Stk;0,00;1;20,00;0,00;1.700,00;Standard;"Schon seit Jahren ist der global agierende Hersteller Huawei erfolgreich im Photovoltaik- und Speichermarkt unterwegs. Dies zeigt sich auch in einer breiten Palette an Wechselrichtern für jeden Anwendungsfall. Egal ob XXL Großanlage oder anspruchsvolles Komplettsystem mit Speicher und intelligentem Zubehör im Heimgebrauch. Dank der direkten Anbindung des hauseigenen LUNA Hochvoltspeichers sowie der Moduloptimierer bieten die 3-phasigen Geräte der M1-Serie maximale Flexibilität im Residential-Bereich. Eine umfangreiche Palette an Kommunikations- und Schutzkomponenten plus Backup-Funktion rundet alles ideal ab. Produktvorteile: • 13,5 A Eingangsstrom pro MPPT • WLAN-FE Dongle bei Wechselrichter enthalten • Auch mit Huawei Optimierern kompatibel Produkteigenschaften: • AC-Leistung: 10,0 kW • Anzahl MPPT: 2 • Überspannungsschutz: Typ 2 AC + DC • AC-Anschluss: 3-phasig • Kommunikation: RS485, WLAN / LAN mit Dongle • Schutzklasse: IP65 • Kühlung: passiv • Abmessungen: 470 x 525 x 146 mm (H x B x T) • Gewicht: 17,0 kg"
1157;"HUAWEI-LUNA2000 14kWh SPEICHERSYSTEM";Stk;0,00;1;20,00;0,00;6.100,00;Standard;"Huawei ESS LUNA2000-14-S1 Schon seit Jahren ist der global agierende Hersteller Huawei erfolgreich im Photovoltaik- und Speichermarkt unterwegs. Dies zeigt sich in einem breiten Sortiment an Wechselrichtern von klein bis Extragroß. Auch die LUNA Hochvoltspeicher Serie erhält mit der neuen S1 Linie frischen Zuwachs. Mehr Kapazität und folglich höhere Ladeleistungen wurden mit der bewährten LUNA DNA kombiniert. Noch einfachere und schnellere Installation dank neuem Stecksystem sowie flexible Nachrüstung über intelligente Systemregelung. Im Parallelbetrieb mit 2 Türmen stehen bis zu 41,4 kWh nutzbare Speicherkapazität zur Verfügung. Produktvorteile: • Zeitlich unbegrenzt erweiterbar • Bis zu 2 Batterietürme mit gesamt 41,4 kWh kaskadierbar • Neues Stecksystem ersetzt die manuelle Verkabelung der einzelnen Elemente • Zertifizierte Batteriesicherheit nach VDE 2510-50 Produkteigenschaften: • Batteriekapazität (nutzbar): 13,8 kWh • Zeitfenster Erweiterung: unbegrenzt • Kaskadierbar: bis zu 2 Türme parallel (41,4 kWh) • Zellchemie: LFP • Ladeleistung: 7,0 kW • Schutzklasse: IP66 • Abmessungen: 870 x 590 x 255 mm (H x B x T) • Gewicht: BMS + Sockel: 12,0 kg, 2 x Speicher je 68,0 kg • Garantie: 15 Jahre"
1155;undefined;Stk;0,00;1;0,00;0,00;0,00;Standard;
1154;"Panasonic TZ Single-Split 2,5 kW SET";Stk;0,00;1;20,00;770,00;1.480,00;Klima;"Außengerät 2,5kW: CU-TZ20ZKE 400 x 600 x 890 mm Innengerät 2,5kW: CS-TZ20ZKEW 799 x 290 x 197 mm"
1153;"MONTAGESET PV ZAUN";Stk;0,00;1;20,00;0,00;155,00;Unterkonstruktion;"Befestigungskomponenten: Steher (eloxiert), Stockschrauben, Schienen, Modulklemmen"
1152;"Fronius Reserva 9.5 Batteriespeicher 9,50 kWh";Stk;0,00;1;0,00;0,00;5.627,00;Fronius;"Reserva ist die neue Photovoltaik-Speicherlösung von Fronius. Die effiziente DC-gekoppelte Hochvoltbatterie sorgt für die Speicherung von Solarenergie mit minimalen Verlusten. Flexibel erweiterbar mit zwei bis fünf Modulen und einer Kapazität von 6,3 bis 15,8 kWh, ist sie perfekt auf Fronius Hybrid-Wechselrichter abgestimmt – für maximale Leistung. Alle wichtigen Informationen des Reserva werden in der Monitoring-Plattform Solar.web anschaulich visualisiert und erfüllen dabei sämtliche Datenschutzrichtlinien. Die Speicherung der Daten erfolgt dabei ausschließich auf europäischen Servern. Der gewohnt schnelle Service von Fronius sorgt für höchste Zuverlässigkeit. Fronius setzt selbstverständlich auch auf höchste Sicherheitsstandards und erfüllt die aktuellen Informationssicherheitsnormen (ISO27001) und lässt regelmäßige Security Audits von renommierten Firmen durchführen. Das optimale Zusammenspiel im Fronius-Ökosystem sorgt für einen effizienten und zuverlässigen Betrieb der gesamten PV-Anlage. Ein Ansprechpartner für alles genügt."
1151;"Fronius Reserva 12.6 Batteriespeicher 12,60 kWh";Stk;0,00;1;0,00;0,00;6.690,00;Fronius;"Reserva ist die neue Photovoltaik-Speicherlösung von Fronius. Die effiziente DC-gekoppelte Hochvoltbatterie sorgt für die Speicherung von Solarenergie mit minimalen Verlusten. Flexibel erweiterbar mit zwei bis fünf Modulen und einer Kapazität von 6,3 bis 15,8 kWh, ist sie perfekt auf Fronius Hybrid-Wechselrichter abgestimmt – für maximale Leistung. Alle wichtigen Informationen des Reserva werden in der Monitoring-Plattform Solar.web anschaulich visualisiert und erfüllen dabei sämtliche Datenschutzrichtlinien. Die Speicherung der Daten erfolgt dabei ausschließich auf europäischen Servern. Der gewohnt schnelle Service von Fronius sorgt für höchste Zuverlässigkeit. Fronius setzt selbstverständlich auch auf höchste Sicherheitsstandards und erfüllt die aktuellen Informationssicherheitsnormen (ISO27001) und lässt regelmäßige Security Audits von renommierten Firmen durchführen. Das optimale Zusammenspiel im Fronius-Ökosystem sorgt für einen effizienten und zuverlässigen Betrieb der gesamten PV-Anlage. Ein Ansprechpartner für alles genügt."
1150;"Fronius Reserva 15.8 Batteriespeicher 15,79 kWh";Stk;0,00;1;20,00;0,00;7.530,00;Fronius;"Reserva ist die neue Photovoltaik-Speicherlösung von Fronius. Die effiziente DC-gekoppelte Hochvoltbatterie sorgt für die Speicherung von Solarenergie mit minimalen Verlusten. Flexibel erweiterbar mit zwei bis fünf Modulen und einer Kapazität von 6,3 bis 15,8 kWh, ist sie perfekt auf Fronius Hybrid-Wechselrichter abgestimmt – für maximale Leistung. Alle wichtigen Informationen des Reserva werden in der Monitoring-Plattform Solar.web anschaulich visualisiert und erfüllen dabei sämtliche Datenschutzrichtlinien. Die Speicherung der Daten erfolgt dabei ausschließich auf europäischen Servern. Der gewohnt schnelle Service von Fronius sorgt für höchste Zuverlässigkeit. Fronius setzt selbstverständlich auch auf höchste Sicherheitsstandards und erfüllt die aktuellen Informationssicherheitsnormen (ISO27001) und lässt regelmäßige Security Audits von renommierten Firmen durchführen. Das optimale Zusammenspiel im Fronius-Ökosystem sorgt für einen effizienten und zuverlässigen Betrieb der gesamten PV-Anlage. Ein Ansprechpartner für alles genügt."
1149;"KLEINKOMPONENTEN KLIMA";Stk;0,00;1;20,00;0,00;990,00;Klima;
1148;"Panasonic TZ Single-Split 5,0 kW SET";Stk;0,00;1;0,00;1.139,00;2.200,00;WP;"Außengerät 5,0kW: CU-TZ50ZKE 420 x 680 x 960 mm Innengerät 5,0kW: CS-TZ50ZKEW 799 x 290 x 197 mm"
1147;"Panasonic TZ Single-Split 4,2 kW SET";Stk;0,00;1;20,00;1.035,00;1.790,00;Klima;"Außengerät 3,5kW: CU-TZ42ZKE 400 x 600 x 890 mm Innengerät 3,5kW: CS-TZ42ZKEW 799 x 290 x 197 mm"
1146;"Panasonic TZ Single-Split 3,5 kW SET";Stk;0,00;1;20,00;878,00;1.690,00;Klima;"Außengerät 3,5kW: CS-TZ35ZKEW 400 x 600 x 890 mm Innengerät 3,5kW: CS-TZ35ZKEW 799 x 290 x 197 mm"
1145;"Panasonic TZ Single-Split 2,0 kW SET";Stk;0,00;1;20,00;680,00;1.290,00;Klima;"Außengerät 2,0kW: CU-TZ20ZKE 400 x 600 x 890 mm Innengerät 2,0kW: CS-TZ20ZKEW 799 x 290 x 197 mm"
1144;"SUNOVA-GLAS-GLAS HOCHLEISTUNGS-SOLARMODUL FULL BLACK 460 WP";Stk;0,00;1;20,00;60,00;90,00;Module;"Doppelglas für max. Zuverlässigkeit: • Ausgezeichnete Beständigkeit gegen Feuer und bei schwierigen Umweltbedingungen • 5.400 Pa Scheelast und 4.000 Pa Windlast (Testlasten) Garantie: • 25 Jahre Produktgarantie auf die Verarbeitung und 30 Jahre Leistungsgarantie"
1143;"SIGENERGY GARANTIE ERWEITERUNG AUF 15 JAHRE";Stk;0,00;1;20,00;0,00;1.400,00;SigEnergy;"Garantieerweiterung für KW Wechselrichter + kWh Speicher"
1142;"HUAWEI Energy Management EMMA-A02";Stk;0,00;1;0,00;461,00;750,00;Standard;"EMMA ist ein intelligentes Device, das Energieplanung, Energiemanagement und Energieflussverteilung optimiert. Das KI-gestützte Energiemanagementsystem kann auch für die intelligente Steuerung von Heizkörpern und Wärmepumpen eingesetzt werden. Durch die digitalen Ein- und Ausgänge mit Smart-Grid-fähigen Kontakten ist es möglich, eine Wärmepumpe zu aktivieren und zu deaktivieren."
1141;"Huawei LUNA2000-7-S1 PV Speicher Batterie";Stk;0,00;1;0,00;3.400,00;5.400,00;Standard;"Die Huawei Luna Smart String Batterie bietet eine modulare Lösung, die genau auf Ihre Bedürfnisse zugeschnitten ist. Mit 7 kWh, 14 kWh oder 21 kWh und der Möglichkeit zur nachträglichen Erweiterung ist die Luna Batterie ideal, um auf geänderte Bedürfnisse reagieren zu können. In Kombination mit dem optionalen PV Optimizer erhalten Sie ein leistungsstarkes System mit hoher Effizienz. Nutzbare Energie: 6.9kWhMax. Entladeleistung: 3.5 kW"
1140;"Huawei Wechselrichter SUN2000-10K-MAP0";Stk;0,00;1;0,00;1.360,00;2.300,00;Standard;"Der Wechselrichter HUAWEI SUN2000-10K-MAP0 zeichnet sich durch eine dreiphasige asymmetrische Ausgangsleistung aus. Dank seiner innovativen technischen Merkmale ist dieser Wechselrichter die ideale Wahl für diejenigen, die ihre Eigenverbrauchsquote maximieren möchten. Er passt die Ausgangsleistung jeder Phase dynamisch und unabhängig an die aktuelle Lastleistung an. Der SUN2000-10K-MAP0 eignet sich perfekt für den Einsatz in Kombination mit der LUNA Smart String Speicherbatterie, der SmartGuard Backup-Lösung und EMMA, dem Energiemanagement-Assistenten von Huawei."
1139;"GARANTIEVERLÄNGERUNG WECHSELRICHTER";Stk;0,00;1;20,00;220,00;650,00;SigEnergy;"5 Jahre Garantie-Erweiterung Sigenergy GV für 3~ Wechselrichter"
1138;"GARANTIEVERLÄNGERUNG SPEICHER";Stk;0,00;1;20,00;230,00;750,00;SigEnergy;"5 Jahre Garantie-Erweiterung Sigenergy GV für SigenStor BAT 8.0"
1137;"Huawei Smart DongleA-05 10 unterstützte Geräte, USB, LED";Stk;0,00;1;0,00;46,00;110,00;Standard;"Einstecken, verbinden, fertig – der Huawei Smart DongleA-03 4G ist via Plug&Play denkbar schnell installiert. Die Anbindung erfolgt dabei über USB, was ebenfalls eine besonders einfache Lösung darstellt. Der Dongle ermöglicht die Verbindung Wechselrichter zu Huawei FusionSolar Smart PV Management System. Insgesamt unterstützt der Huawei Dongle die Anbindung von maximal 10 Geräten. Zu den unterstützten Standards zählen 2G, 3G und 4G, sodass die Kommunikation fast überall drahtlos möglich ist – Huawei empfiehlt den Einsatz immer dann, wenn der Empfang stabil ist. In Bezug auf den Betrieb gibt es ansonsten kaum Einschränkungen. Der Dongle arbeitet im Temperaturbereich von -30 °C bis +65 °C und toleriert relative Luftfeuchtigkeiten von 5 % bis 95 %. Der Dongle ist nach Schutzart IP65 geschützt und hat eine Leistungsaufnahme von 3,5 Watt."
1136;"MONTAGESET PV ETERNIT TOSCANA";Stk;0,00;1;0,00;0,00;95,20;Standard;"Befestigungskomponenten: Stockschrauben, Dichtelemente, Schienen, Modulklemmen"
1135;"SIGENERGY Communication Modul";Stk;0,00;1;20,00;0,00;68,00;SigEnergy;"WLAN-Kommunikationseinheit – für intelligente Überwachung & Steuerung."
1134;"SIGENERGY Power Sensor DH dreiphasig";Stk;0,00;1;20,00;0,00;202,00;SigEnergy;"Präzise Verbrauchsmessung für eine optimale Energieverteilung."
1133;"SUNOVA-GLAS-GLAS HOCHLEISTUNGS-SOLARMODUL FULL BLACK 445 WP";Stk;0,00;1;20,00;55,00;90,00;Module;"Doppelglas für max. Zuverlässigkeit: • Ausgezeichnete Beständigkeit gegen Feuer und bei schwierigen Umweltbedingungen • 5.400 Pa Scheelast und 4.000 Pa Windlast (Testlasten) Garantie: • 25 Jahre Produktgarantie auf die Verarbeitung und 30 Jahre Leistungsgarantie"
1132;"ALVA FLOW 25-6/180 Heizungsumwälzpumpe";Stk;0,00;1;0,00;0,00;0,00;Standard;
1131;"SolaX X3-EPS Box";Stk;0,00;1;20,00;283,73;350,00;SolaX;"Solax X3-EPS-BOX 3-Phasige Umschaltbox für Notstrom, kompatibel mit SolaX Hybrid X3 G4. 3x63A"
1130;"SMARTFOX Pro Light 2 Energiemanager inkl. Stromwandler 80A";Stk;0,00;1;0,00;0,00;590,00;Standard;"SMARTFOX Pro Light ist die einfache Lösung um die überschüssige PV-Energie stufenlos (per Analogausgang und Leistungssteller) in Warmwasser umzuwandeln. Mit 1x Analog Ausgang, 1 x Relais Ausgang, 1 x PT1000 Temperatur Eingang und einer RS485 Schnittstelle. Ohne Monitoring."
1129;"SMARTFOX Leistungssteller 12,0kW";Stk;0,00;1;20,00;425,00;490,00;Sonstiges;"Der SMARTFOX Leistungssteller ist ein leistungsstarkes und zuverlässiges Gerät, das die Steuerung und Regelung Ihrer Heizsysteme optimiert. Egal, ob Sie Ihr Zuhause, Ihr Büro oder Ihre industriellen Prozesse beheizen möchten – der SMARTFOX Leistungssteller ist die ideale Lösung. Mit seiner vielseitigen Spannung von 3x400 V und einer beeindruckenden Leistung von bis zu 12 kW bietet er die erforderliche Kapazität, um Ihre Heizsysteme präzise zu steuern."
1128;"MONTAGESET PV FASSADE";Stk;0,00;1;0,00;0,00;85,00;Standard;"Befestigungskomponenten: Stockschrauben, Schienen, Modulklemmen"
1127;"ATON Power-to-Heat Set Set aus Heizstab EHS-R und Energiezähler CAN-EZ3A)";Stk;0,00;1;20,00;539,20;790,00;Sonstiges;"ATON ist eine fortschrittliche Lösung zur Nutzung überschüssiger Photovoltaik-Energie für Heizung und Warmwasser. Das Set enthält einen stufenlos regelbaren Heizstab (50 W bis 3 kW) und einen Energiezähler. Die Installation ist einfach, ohne zusätzliche Hardware und mit werkseitiger Programmierung. ATON kann bis zu 12 Heizstäbe steuern, erweiterbar auf 36 kW. Der Energiezähler ist frei programmierbar und verfügt über Modbus RTU sowie einen S0-Impulsausgang, ideal für umfassende Energiemanagement-Lösungen. Perfekt zur Maximierung des Eigenverbrauchs und Integration zusätzlicher Verbraucher."
1126;"Fronius Wechselrichter Tauro Eco 99-3-D";Stk;0,00;1;20,00;4.370,00;5.500,00;Fronius;"Der dreiphasige Fronius Tauro in den Leistungsklassen 50 bis 100 kW verspricht höchste Performance, auch bei rauesten Bedingungen. Durch sein smartes Hardware Design trägt er nicht nur zur BOS Kostenoptimierung bei, sondern bietet auch eine noch nie dagewesene Flexibilität im Systemdesign. Mit dem Fronius Tauro können zentrale (P-Variante) als auch dezentrale Anlagendesigns (D-Variante) realisiert werden. Einfachste Montage und der schnellste Service am Markt garantieren zudem maximale Sicherheit."
1125;"Panasonic 9 kW Aquarea T-CAP Splitwärmepumpe";Stk;0,00;1;20,00;0,00;7.900,00;Standard;"Voller Komfort beim Heizen und Kühlen Durch die ausgereiften Technologien sowie die fortschrittliche Regelung der T-CAP Modelle der Generation ""H"", können diese Modelle selbst bei -20 °C nahezu die volle Heizleistung und Energieeffizienz, ohne den Einsatz eines Elektro-Heizstabs, bieten. Außerdem können sie selbst bei -28 °C eingesetzt werden. Dank dieser Eigenschaften bietet diese Modellreihe eine hohe Sicherheit bei der Planung von Heizsystemen bei sehr kalten regionalen Auslegungstemperaturen. Zusätzlich gibt es noch die neue Baureihe mit den flüsterleisen SQ-Modellen, welche das Aufstellen in schallkritischen Umgebungen ermöglicht. Neue, optimierte Bauweise der Generation ""H"" Die T-CAP Modelle der Generation ""H"" haben ein völlig neu konzipiertes Hydromodul. Dieses hat eine bessere Zugänglichkeit der Elektro- und Hydraulikkomponenten. Außerdem wurde auch der Regler neu entwickelt. Dieser hat eine grafische, hintergrundbeleuchtete LCD-Anzeige sowie ein Touch-Display. Vorteile der Aquarea T-CAP Generation ""H"" - Invertertechnik - Neu konzipiertes Hydromodul mit optimierter Zugänglichkeit der Elektro- und Hydraulikkomponenten, Farbe Weiß - Neue Baureihe flüsterleiser SQ-Modelle für den Einsatz in schallkritischen Umgebungen - Höchste derzeit mögliche Effizienzklasse (A++) - Neuer Heizungsregler mit grafischem Touch-Display - Optionale Zusatzplatine für erweiterte Systemfunktionen: zwei gemischte Heizkreise, Schwimmbadheizung, Bivalenzsteuerung, Solarthermiesteuerung, 0-10-V-Leistungssteuerung, Smart-Grid-Eingänge - Integrierter Vortex-Volumenstrommesser zur dynamischen Anpassung des Volumenstroms der Panasonic Hocheffizienzpumpe - Integrierter Schmutzfänger mit Absperrventilen - Optionales 3-Wege-Umschaltventil-Set für den Einbau im Hydromodul - dreiphasig, 400 V / 50 Hz"
1124;"ELEKTROINSTALLATIONSMATERIAL (PAUSCHAL)";pauschal;0,00;1;20,00;0,00;1.200,00;Dienstleistung;"Solarkabel 6mm2, AC Kabel 5x10mm2, KAT.7 Datenkabel, KAT.6 Patchkabel, PV-Anschlußbox 2 MPPT, LS-Schalter 10kA, AC Überspannungsableiter 3-polig+N/PE, Aluminium Rohr Ø32mm, Aluminium Steckmuffe Ø32mm, Aluminium Klemmschelle Ø32mm, Aluminium Endtülle Ø32mm, Erdungsbandschelle V2A, FI-Schalter Typ A/S pulsstromsensitiv, Hauptleitungs Abzweigklemme 5polig, Hauptleitungs Abzweigklemme 1polig, AP Kleinverteiler, Leitungsführungskanal 40x60"
1123;"ELEKTROINSTALLATION (PAUSCHAL)";Std;0,00;1;20,00;0,00;75,00;Dienstleistung;"Installations- und Anschlussarbeiten vom Generator bis zum Wechselrichter (DC), Installations- und Anschlussarbeiten vom Wechselrichter bis zum Zählerkasten (AC), Montage sämtlicher Komponenten, Mauerdurchbrüche, Stemmarbeiten Folgende Leistungen sind im vorliegenden Angebot nicht enthalten: * Verteilerneubau, Aufrüsten des Verteilerkastens auf die gültige Norm. * Verputzarbeiten"
1122;"MONTAGEARBEITEN (PAUSCHAL PRO KW)";Stk;0,00;1;20,00;0,00;200,00;Dienstleistung;"Befestigung der Unterkonstruktion, Montage der Module, Verkabelung auf Dach, Durchführung in den Dachraum, Erdung der Module und der Unterkonstruktion, Einbindung in vorhandene Blitzschutzanlage Folgende Leistungen sind im vorliegenden Angebot nicht enthalten: * Haftung für Ziegel- und Dachplattenbruch"
1121;"TECHNISCHE PROJEKTBETREUUNG";pauschal;0,00;1;20,00;0,00;1.000,00;Dienstleistung;"Bestehend aus: * Anmeldung EVU / Organisation / Berichtswesen Technische Abklärung mit zuständigem Stromnetzbetreiber, Anfragen der möglichen PV-Leistung, Einholen des Zählpunkts, Abschließen des Netzzugangsvertrages * Planung der PV Anlage Erstellung sämtlicher Pläne für die Unterkonstruktion, Berechnung der Anordnung der Module, Elektrotechnische Planung der DC- Strings, Erstellen einer Materialliste * EVU Abnahme + Inbetriebnahme Probebetrieb, Fertigstellungsmeldung, Vereinbarung eines Abnahmetermins, Abnahme mit zuständigem Betreiber des Stromnetzes, Inbetriebnahme, Anlagenbuch Folgende Leistungen sind im vorliegenden Angebot nicht enthalten: * Gewährleistung für die Statik des Daches. Planung bezieht sich nur auf die technische Ausführung der PV- Anlage."
1120;"BALKONKRAFTWERK 800 WATT GG KOMPLETTSET";Stk;0,00;1;20,00;322,07;890,00;Sonstiges;"Balkonkraftwerk 800 Watt Komplettset mit 2x Tier1 Glas Glas bifazial Modul ( 1722 x 1134x 30), 1x Microwechselrichter EZ1 800 Watt inkl. DC Microwechslerichterverlängerungskabel 2x1 Meter & Balkonunterkonstruktion. Der Microwechselrichter mit APP Funktion und Anschlusstecker bietet die ideale Plug and Play Lösung. Beigepackt ist ein 4 Meter AC Schukoverlängerungskabel BC01 zum anschrauben am Microwechselrichter."
1119;"SIGENERGY Batteriemodul 5,38 kWh";Stk;0,00;1;20,00;1.803,00;2.700,00;SigEnergy;"Dieses Batteriesystem bietet hohe Zellkapazität und lange Lebensdauer bei geringer Spannung. Ein umfassendes Sicherheitskonzept schützt die Batterie, deren Zustand bequem über die mySigen-App überwacht werden kann. Die einfache Installation wird durch Steckverbinder gewährleistet, während KI-Technologie die Batterielaufzeit optimiert. Dank der Möglichkeit zu parallelen Verbindungen lassen sich verschiedene Batteriekonfigurationen realisieren, was Flexibilität in der Anwendung garantiert. • Abmessungen: 260 × 767 × 270 mm (H x B x T) • Gewicht: 55 kg"
1118;"MONTAGESET PV SCHRÄGDACH PREFA";Stk;0,00;1;20,00;0,00;155,00;Unterkonstruktion;"Befestigungskomponenten: Solarhalter Prefa, Schrauben, Schienen, Modulklemmen"
1114;"MODULHALTERUNG BALKON";Stk;0,00;1;0,00;0,00;90,00;Standard;"Schnell und einfach zu installieren Manuell einstellbarer Neigungswinkel für mehr Stromerzeugung Werkseitig vormontierte Teile, um Zeit und Arbeitskosten zu sparen Geringes Gewicht und ansprechendes Erscheinungsbild Einstellbarer Winkelbereich : 30 - 50 grad Bestehend aus: 2 x Haken aus rostfreiem Stahl U-Bügel Solarmodul-Halterung Verstärkungsschiene"
1115;"SMART WIFI PLUG";Stk;0,00;1;0,00;0,00;35,00;Standard;"Unser Wifi-Stecker gibt dir die Möglichkeit deine Strommessung einfach und unkompliziert zu gestalten. Eine leichte Steuerung der Smart Life App ermöglicht eine genaue Einsicht in den Stromgewinn deines Balkonkraftwerkes. Strommessung war noch nie so einfach!"
1116;"5M SCHUKO STECKER";Stk;0,00;1;0,00;0,00;25,00;Standard;"5m Schuko Netzstecker PLUG&PLAY Anschlusskabel Kompatibel mit allen Hoymiles Wechselrichtern 5m Kabel mit Schuko-/Betteri BC01 IP 65 Wasserdicht in Österreich konfektioniert, Made in EU"
1117;"BETTERI ENDSTÜCK";Stk;0,00;1;0,00;0,00;20,00;Standard;"Schutzkappe für alle Hoymiles Wechselrichter"
1113;"ELEKTROINSTALLATIONSMATERIAL (NACH AUFWAND)";pauschal;0,00;1;20,00;0,00;0,00;Dienstleistung;"Solarkabel, Leerverrohrung. FI Schalter, ggf. Klemmen, Muffen, Befestigungs- und Verdrahtungsmaterial wird nach tatsächlichem Aufwand verrechnet"
1112;"ELEKTROINSTALLATION (REGIE)";Std;0,00;1;20,00;0,00;75,00;Dienstleistung;"Regiekosten werden nach tatsächlichem Aufwand verrechnet (€ 75,- / Std. netto): Installations- und Anschlussarbeiten vom Generator bis zum Wechselrichter (DC), Installations- und Anschlussarbeiten vom Wechselrichter bis zum Zählerkasten (AC), Montage sämtlicher Komponenten, Mauerdurchbrüche, Stemmarbeiten"
1111;"MONTAGEARBEITEN (REGIE)";Std;0,00;1;20,00;0,00;75,00;Dienstleistung;"Regiekosten werden nach tatsächlichem Aufwand verrechnet (€ 75,- / Std. netto): Befestigung der Unterkonstruktion, Montage der Module, Verkabelung auf Dach, Durchführung in den Dachraum, Erdung der Module und der Unterkonstruktion, Einbindung in vorhandene Blitzschutzanlage"
1110;"GERÄTE UND MESSPAUSCHALE";pauschal;0,00;1;20,00;0,00;100,00;Dienstleistung;Gerätetechnik
1109;"EVU ABNAHME UND INBETRIEBNAHME";pauschal;0,00;1;20,00;0,00;300,00;Dienstleistung;"Probebetrieb, Fertigstellungsmeldung, Vereinbarung eines Abnahmetermins, Abnahme mit zuständigem Betreiber des Stromnetzes, Inbetriebnahme, Anlagenbuch"
1108;"PLANUNG DER PV ANLAGE";pauschal;0,00;1;20,00;0,00;280,00;Dienstleistung;"Erstellung sämtlicher Pläne für die Unterkonstruktion, Berechnung der Anordnung der Module, Elektrotechnische Planung der DC-Strings, Erstellen einer Materialliste"
1107;"ANMELDUNG EVU / ORGANISATION / BERICHTWESEN";pauschal;0,00;1;20,00;0,00;320,00;Dienstleistung;"Technische Abklärung mit zuständigem Stromnetzbetreiber, Anfragen der möglichen PV-Leistung, Einholen des Zählpunkts, Abschließen des Netzzugangsvertrages"
1106;"SUNOVA-GLAS-GLAS HOCHLEISTUNGS-SOLARMODUL FULL BLACK 440 WP";Stk;0,00;1;20,00;65,78;90,00;Module;"Doppelglas für max. Zuverlässigkeit: • Ausgezeichnete Beständigkeit gegen Feuer und bei schwierigen Umweltbedingungen • 5.400 Pa Scheelast und 4.000 Pa Windlast (Testlasten) Garantie: • 25 Jahre Produktgarantie auf die Verarbeitung und 30 Jahre Leistungsgarantie"
1104;"SIGENERGY WALLBOX EVAC 7 kW T2-WH";Stk;0,00;1;20,00;467,03;778,00;SigEnergy;"Das Ladesystem ermöglicht das Laden mit Ökostrom und bietet Funktionen für Ladeplanung und eine Übersicht über die Lade-Parameter. Durch das dynamische Lastmanagement werden Überlastungen vermieden und ein benutzerfreundliches Ladeerlebnis sichergestellt. Die einfache Installation und der integrierte Fehlerstromschutz tragen zur Reduzierung der Installationskosten bei. Dank der Schutzklasse IP65 und der vielseitigen Montagemöglichkeiten eignet sich das System für verschiedene Anwendungen. • Abmessungen: 150 × 210 × 380 mm (H x B x T) • Gewicht: 4 kg"
1103;LANDESFÖRDERUNG;Stk;0,00;1;20,00;0,00;250,00;Dienstleistung;"Beantragung und Abwicklung der Landesförderung"
1101;"SIGENERGY WALLBOX EVDC 12 5S2";Stk;0,00;1;20,00;2.143,26;3.000,00;SigEnergy;"Das Sigen EV DC Charging Modul bietet innovative Lösungen für die Energieversorgung und -verwaltung: Von der Fahrzeug-zu-Haus-Versorgung über die Fahrzeug-zu-Netz-Übertragung bis hin zur Nutzung der Fahrzeugbatterie für das Hausnetz, inklusive Schwarzstartfähigkeit. Mit bis zu 25 kW bidirektionalem Laden, einer breiten Ladespannungskompatibilität und der Möglichkeit, das Fahrzeug mit 100% Solarstrom zu laden, setzt es neue Maßstäbe. Alle Ladevorgänge lassen sich bequem über die mySigen App planen und überwachen, während die Schutzklasse IP66 für Wartungsfreiheit steht. • Abmessungen (Länge × Breite × Höhe): 26,00 × 70,00 × 27,00 cm • Gewicht: 40 kg"
1100;"SIGENERGY Gateway Umschaltbox Dreiphasig";Stk;0,00;1;20,00;729,07;1.100,00;SigEnergy;"Das System bietet eine flexible und sichere Energieversorgung mit mehreren Lasttrennschaltern für verschiedene Lasten, nahtlosem Wechsel in den Backup-Modus und Anschlüssen für externe Generatoren oder steuerbare Lasten. Die Backup-Versorgung kann für das gesamte Hausnetz oder spezifische Bereiche eingerichtet werden, wodurch eine unterbrechungsfreie Stromversorgung durch verschiedene Energiequellen sichergestellt wird. Muss zusammen mit Sigen Energy Controller und Sigen Battery verwendet werden. • Abmessungen (Länge × Breite × Höhe): 17,90 × 45,50 × 66,00 cm • Gewicht: 30 kg"
1099;"SIGENERGY Bodenmontageset";Stk;0,00;1;20,00;75,05;95,00;SigEnergy;"Bodenmontageset für SigenStor • Abmessungen: 260 × 700 × 100 mm (H x B x T) • Gewicht: 4 kg"
1098;"SIGENERGY Wandmontageset";Stk;0,00;1;20,00;85,77;99,00;SigEnergy;"Wandmontageset für SigenStor • Abmessungen: 260 × 700 × 100 mm (H x B x T) • Gewicht: 4 kg"
1097;"SIGENERGY Batteriemodul 8,06 kWh";Stk;0,00;1;20,00;2.240,99;3.500,00;SigEnergy;"Dieses Batteriesystem bietet hohe Zellkapazität und lange Lebensdauer bei geringer Spannung. Ein umfassendes Sicherheitskonzept schützt die Batterie, deren Zustand bequem über die mySigen-App überwacht werden kann. Die einfache Installation wird durch Steckverbinder gewährleistet, während KI-Technologie die Batterielaufzeit optimiert. Dank der Möglichkeit zu parallelen Verbindungen lassen sich verschiedene Batteriekonfigurationen realisieren, was Flexibilität in der Anwendung garantiert. • Abmessungen: 260 × 767 × 270 mm (H x B x T) • Gewicht: 70 kg"
1096;"SIGENERGY Energy Controller 15kW";Stk;0,00;1;20,00;2.028,54;3.380,00;SigEnergy;"Der Sigen Hybrid-Wechselrichter von Sigenergy vereint Effizienz und Sicherheit für Solaranlagen. Mit bis zu vier MPP-Trackern optimiert er die Energiegewinnung und deckt alle PV-Module auf einem Dach ab. Die robuste Konstruktion gewährleistet Schutz vor Staub und Regen (IP66) und beinhaltet Sicherheitsfunktionen wie DC-Fehlerstromschutz. Mit einer hohen DC/AC-Ratio von bis zu 2 erreicht der Wechselrichter eine maximale Effizienz von 98,5%. Er bietet die Flexibilität, Batterien nachzurüsten, um das Solarsystem zu erweitern, und lässt sich intuitiv über die mySigen App steuern. • Abmessungen: 260 × 700 × 200 mm (H x B x T) • Gewicht: 36 kg"
1095;"SIGENERGY Energy Controller 20kW";Stk;0,00;1;20,00;2.264,41;3.700,00;SigEnergy;"Der Sigen Hybrid-Wechselrichter von Sigenergy vereint Effizienz und Sicherheit für Solaranlagen. Mit bis zu vier MPP-Trackern optimiert er die Energiegewinnung und deckt alle PV-Module auf einem Dach ab. Die robuste Konstruktion gewährleistet Schutz vor Staub und Regen (IP66) und beinhaltet Sicherheitsfunktionen wie DC-Fehlerstromschutz. Mit einer hohen DC/AC-Ratio von bis zu 2 erreicht der Wechselrichter eine maximale Effizienz von 98,5%. Er bietet die Flexibilität, Batterien nachzurüsten, um das Solarsystem zu erweitern, und lässt sich intuitiv über die mySigen App steuern. • Abmessungen: 260 × 700 × 200 mm (H x B x T) • Gewicht: 36 kg"
1094;"SIGENERGY Energy Controller 5kW";Stk;0,00;1;20,00;1.294,96;2.150,00;SigEnergy;"Der Sigen Hybrid-Wechselrichter von Sigenergy vereint Effizienz und Sicherheit für Solaranlagen. Mit bis zu vier MPP-Trackern optimiert er die Energiegewinnung und deckt alle PV-Module auf einem Dach ab. Die robuste Konstruktion gewährleistet Schutz vor Staub und Regen (IP66) und beinhaltet Sicherheitsfunktionen wie DC-Fehlerstromschutz. Mit einer hohen DC/AC-Ratio von bis zu 2 erreicht der Wechselrichter eine maximale Effizienz von 98,5%. Er bietet die Flexibilität, Batterien nachzurüsten, um das Solarsystem zu erweitern, und lässt sich intuitiv über die mySigen App steuern. • Abmessungen: 260 × 700 × 200 mm (H x B x T) • Gewicht: 36 kg"
1093;"SIGENERGY Energy Controller 8kW";Stk;0,00;1;20,00;1.470,10;2.450,00;SigEnergy;"Der Sigen Hybrid-Wechselrichter von Sigenergy vereint Effizienz und Sicherheit für Solaranlagen. Mit bis zu vier MPP-Trackern optimiert er die Energiegewinnung und deckt alle PV-Module auf einem Dach ab. Die robuste Konstruktion gewährleistet Schutz vor Staub und Regen (IP66) und beinhaltet Sicherheitsfunktionen wie DC-Fehlerstromschutz. Mit einer hohen DC/AC-Ratio von bis zu 2 erreicht der Wechselrichter eine maximale Effizienz von 98,5%. Er bietet die Flexibilität, Batterien nachzurüsten, um das Solarsystem zu erweitern, und lässt sich intuitiv über die mySigen App steuern. • Abmessungen: 260 × 700 × 200 mm (H x B x T) • Gewicht: 36 kg"
1092;"SIGENERGY Energy Controller 10kW";Stk;0,00;1;20,00;1.528,48;2.500,00;SigEnergy;"Der Sigen Hybrid-Wechselrichter von Sigenergy vereint Effizienz und Sicherheit für Solaranlagen. Mit bis zu vier MPP-Trackern optimiert er die Energiegewinnung und deckt alle PV-Module auf einem Dach ab. Die robuste Konstruktion gewährleistet Schutz vor Staub und Regen (IP66) und beinhaltet Sicherheitsfunktionen wie DC-Fehlerstromschutz. Mit einer hohen DC/AC-Ratio von bis zu 2 erreicht der Wechselrichter eine maximale Effizienz von 98,5%. Er bietet die Flexibilität, Batterien nachzurüsten, um das Solarsystem zu erweitern, und lässt sich intuitiv über die mySigen App steuern. • Abmessungen: 260 × 700 × 200 mm (H x B x T) • Gewicht: 36 kg"
1091;"SIGENERGY Energy Controller 6kW";Stk;0,00;1;20,00;1.418,09;2.360,00;SigEnergy;"Der Sigen Hybrid-Wechselrichter von Sigenergy vereint Effizienz und Sicherheit für Solaranlagen. Mit bis zu vier MPP-Trackern optimiert er die Energiegewinnung und deckt alle PV-Module auf einem Dach ab. Die robuste Konstruktion gewährleistet Schutz vor Staub und Regen (IP66) und beinhaltet Sicherheitsfunktionen wie DC-Fehlerstromschutz. Mit einer hohen DC/AC-Ratio von bis zu 2 erreicht der Wechselrichter eine maximale Effizienz von 98,5%. Er bietet die Flexibilität, Batterien nachzurüsten, um das Solarsystem zu erweitern, und lässt sich intuitiv über die mySigen App steuern. • Abmessungen: 260 × 700 × 200 mm (H x B x T) • Gewicht: 36 kg"
1090;"SIGENERGY Energy Controller 12kW";Stk;0,00;1;20,00;1.811,53;3.020,00;SigEnergy;"Der Sigen Hybrid-Wechselrichter von Sigenergy vereint Effizienz und Sicherheit für Solaranlagen. Mit bis zu vier MPP-Trackern optimiert er die Energiegewinnung und deckt alle PV-Module auf einem Dach ab. Die robuste Konstruktion gewährleistet Schutz vor Staub und Regen (IP66) und beinhaltet Sicherheitsfunktionen wie DC-Fehlerstromschutz. Mit einer hohen DC/AC-Ratio von bis zu 2 erreicht der Wechselrichter eine maximale Effizienz von 98,5%. Er bietet die Flexibilität, Batterien nachzurüsten, um das Solarsystem zu erweitern, und lässt sich intuitiv über die mySigen App steuern. • Abmessungen: 260 × 700 × 200 mm (H x B x T) • Gewicht: 36 kg"
1089;"SIGENERGY Energy Controller 25kW";Stk;0,00;1;20,00;2.641,81;4.400,00;SigEnergy;"Der Sigen Hybrid-Wechselrichter von Sigenergy vereint Effizienz und Sicherheit für Solaranlagen. Mit bis zu vier MPP-Trackern optimiert er die Energiegewinnung und deckt alle PV-Module auf einem Dach ab. Die robuste Konstruktion gewährleistet Schutz vor Staub und Regen (IP66) und beinhaltet Sicherheitsfunktionen wie DC-Fehlerstromschutz. Mit einer hohen DC/AC-Ratio von bis zu 2 erreicht der Wechselrichter eine maximale Effizienz von 98,5%. Er bietet die Flexibilität, Batterien nachzurüsten, um das Solarsystem zu erweitern, und lässt sich intuitiv über die mySigen App steuern. • Abmessungen: 260 × 700 × 200 mm (H x B x T) • Gewicht: 36 kg"
1088;"SIGENERGY Energy Controller 17kW";Stk;0,00;1;20,00;2.151,19;3.500,00;SigEnergy;"Der Sigen Hybrid-Wechselrichter von Sigenergy vereint Effizienz und Sicherheit für Solaranlagen. Mit bis zu vier MPP-Trackern optimiert er die Energiegewinnung und deckt alle PV-Module auf einem Dach ab. Die robuste Konstruktion gewährleistet Schutz vor Staub und Regen (IP66) und beinhaltet Sicherheitsfunktionen wie DC-Fehlerstromschutz. Mit einer hohen DC/AC-Ratio von bis zu 2 erreicht der Wechselrichter eine maximale Effizienz von 98,5%. Er bietet die Flexibilität, Batterien nachzurüsten, um das Solarsystem zu erweitern, und lässt sich intuitiv über die mySigen App steuern. • Abmessungen: 260 × 700 × 200 mm (H x B x T) • Gewicht: 36 kg"
1087;"SIGENERGY Power Sensor DH dreiphasig & Communication Modul";Stk;0,00;1;20,00;255,26;349,00;SigEnergy;"Schutzklasse IP 66, Plug & Play Kommunikationsstick, einfache Bedienung, Unterstützt 3G / 4G Kommunikation Montage auf DIN Schiene 35 mm"
1086;"SIGENERGY WALLBOX EVAC 11 4G T2SH-WH";Stk;0,00;1;20,00;467,03;890,00;SigEnergy;"Das Ladesystem ermöglicht das Laden mit Ökostrom und bietet Funktionen für Ladeplanung und eine Übersicht über die Lade-Parameter. Durch das dynamische Lastmanagement werden Überlastungen vermieden und ein benutzerfreundliches Ladeerlebnis sichergestellt. Die einfache Installation und der integrierte Fehlerstromschutz tragen zur Reduzierung der Installationskosten bei. Dank der Schutzklasse IP65 und der vielseitigen Montagemöglichkeiten eignet sich das System für verschiedene Anwendungen. • Abmessungen: 150 × 210 × 380 mm (H x B x T) • Gewicht: 4 kg"
1085;"SIGENERGY WALLBOX EVAC 22 4G T2-WH";Stk;0,00;1;20,00;562,57;1.090,00;SigEnergy;"Das Ladesystem ermöglicht das Laden mit Ökostrom und bietet Funktionen für Ladeplanung und eine Übersicht über die Lade-Parameter. Durch das dynamische Lastmanagement werden Überlastungen vermieden und ein benutzerfreundliches Ladeerlebnis sichergestellt. Die einfache Installation und der integrierte Fehlerstromschutz tragen zur Reduzierung der Installationskosten bei. Dank der Schutzklasse IP65 und der vielseitigen Montagemöglichkeiten eignet sich das System für verschiedene Anwendungen. • Abmessungen: 150 × 210 × 380 mm (H x B x T) • Gewicht: 4 kg"
1084;TRANSPORTKOSTEN;pauschal;0,00;1;20,00;0,00;300,00;Dienstleistung;"Logistik, Transport aller Module, Inverter & Zubehör."
1083;"FRONIUS Wattpilot Home 22 J 2.0";Stk;0,00;1;20,00;670,96;990,00;Fronius;"Fixe Ladestation einstellbar bis 22kW (3 Phasen bis 32A) Typ2 Steckdose (EN 62196) mit Überschuss-Lademöglichkeit (kompatibel mit Fronius) und Umschaltung 1/3-Phasen Der smarte Charger (Ladestation) für das Laden mit PV-Überschuss. Der absolute Alleskönner! Ladestation mit Stromzähler, WLAN, App, RFID, Überwachung Stromnetz, FI Typ B, Überschussladen"
1082;"FRONIUS Wattpilot Home 11 J 2.0";Stk;0,00;1;20,00;652,62;940,00;Fronius;"Mobile Ladestation einstellbar bis 11kW (3 Phasen bis 16A) Typ2 Steckdose (EN 62196) mit Überschuss-Lademöglichkeit (kompatibel mit Fronius) und Umschaltung 1/3-Phasen Der smarte Charger (Ladestation) für das Laden mit PV-Überschuss. Der absolute Alleskönner! Ladestation mit Stromzähler, WLAN, App, RFID, Überwachung Stromnetz, FI Typ B, Überschussladen"
1081;"FRONIUS SMART METER";Stk;0,00;1;20,00;157,66;249,00;Fronius;"Fronius Smart Meter, unsere bidirektionalen und intelligenten Stromzähler. Auf Basis der gewonnen Informationen können Sie im Zusammenspiel mit dem Wechselrichter und Fronius Solar.web effizientes Energiemanagement betreiben, das Ihren Kunden bares Geld spart – ob bei privaten oder gewerblichen PV-Anlagen. Wir bieten für jedes Anwendungsszenario den passenden Smart Meter für PV-Systeme. Nutzen Sie das Potential der Daten. Setzen Sie auf Fronius Smart Meter. Designed to monitor."
1080;"BYD Battery-Box Premium HVM 19.3";Stk;0,00;1;20,00;7.383,20;10.500,00;Fronius;"Eine BYD Battery-Box Premium HVM besteht aus 3 bis 8 HVM-Batteriemodulen, die in Reihe geschaltet sind, um eine Kapazität von 8,3 bis 22,1 kWh zu erreichen. Die direkte Parallelschaltung von bis zu 3 identischen BYD Battery-Box Premium HVM ermöglicht zusätzlich eine maximale Leistung von 66,2 kWh. Das System kann durch Hinzufügen zusätzlicher HVM-Module oder paralleler HVM-Türme später erweitert werden."
1079;"BYD Battery-Box Premium HVM 22.1";Stk;0,00;1;20,00;8.376,78;11.900,00;Fronius;"Eine BYD Battery-Box Premium HVM besteht aus 3 bis 8 HVM-Batteriemodulen, die in Reihe geschaltet sind, um eine Kapazität von 8,3 bis 22,1 kWh zu erreichen. Die direkte Parallelschaltung von bis zu 3 identischen BYD Battery-Box Premium HVM ermöglicht zusätzlich eine maximale Leistung von 66,2 kWh. Das System kann durch Hinzufügen zusätzlicher HVM-Module oder paralleler HVM-Türme später erweitert werden."
1078;"BYD Battery-Box Premium HVM 16.6";Stk;0,00;1;20,00;6.389,61;8.900,00;Fronius;"Eine BYD Battery-Box Premium HVM besteht aus 3 bis 8 HVM-Batteriemodulen, die in Reihe geschaltet sind, um eine Kapazität von 8,3 bis 22,1 kWh zu erreichen. Die direkte Parallelschaltung von bis zu 3 identischen BYD Battery-Box Premium HVM ermöglicht zusätzlich eine maximale Leistung von 66,2 kWh. Das System kann durch Hinzufügen zusätzlicher HVM-Module oder paralleler HVM-Türme später erweitert werden."
1077;"BYD Battery-Box Premium HVM 11.0";Stk;0,00;1;20,00;4.402,44;6.200,00;Fronius;"Eine BYD Battery-Box Premium HVM besteht aus 3 bis 8 HVM-Batteriemodulen, die in Reihe geschaltet sind, um eine Kapazität von 8,3 bis 22,1 kWh zu erreichen. Die direkte Parallelschaltung von bis zu 3 identischen BYD Battery-Box Premium HVM ermöglicht zusätzlich eine maximale Leistung von 66,2 kWh. Das System kann durch Hinzufügen zusätzlicher HVM-Module oder paralleler HVM-Türme später erweitert werden."
1076;"BYD Battery-Box Premium HVM 13.8";Stk;0,00;1;20,00;5.396,03;7.900,00;Fronius;"Eine BYD Battery-Box Premium HVM besteht aus 3 bis 8 HVM-Batteriemodulen, die in Reihe geschaltet sind, um eine Kapazität von 8,3 bis 22,1 kWh zu erreichen. Die direkte Parallelschaltung von bis zu 3 identischen BYD Battery-Box Premium HVM ermöglicht zusätzlich eine maximale Leistung von 66,2 kWh. Das System kann durch Hinzufügen zusätzlicher HVM-Module oder paralleler HVM-Türme später erweitert werden."
1075;"BYD Battery-Box Premium HVM 8.3";Stk;0,00;1;20,00;3.408,85;4.700,00;Fronius;"Eine BYD Battery-Box Premium HVM besteht aus 3 bis 8 HVM-Batteriemodulen, die in Reihe geschaltet sind, um eine Kapazität von 8,3 bis 22,1 kWh zu erreichen. Die direkte Parallelschaltung von bis zu 3 identischen BYD Battery-Box Premium HVM ermöglicht zusätzlich eine maximale Leistung von 66,2 kWh. Das System kann durch Hinzufügen zusätzlicher HVM-Module oder paralleler HVM-Türme später erweitert werden."
1074;"FRONIUS Symo GEN24 10.0 Plus";Stk;0,00;1;20,00;2.338,62;3.290,00;Fronius;"Bereit für die private Energiewende: Mit unserem Wechselrichter Fronius GEN24 Plus als Herz der privaten PV-Anlage produzieren Haushalte ihre eigene Energie flexibel, nachhaltig und günstig. Der Hybrid-Wechselrichter erlaubt die Nutzung eines Batteriespeichers – und damit die komplette Energieselbstversorgung für Strom, Wärme, Kälte und E-Mobilität.Der Fronius GEN24 Plus verfügt mit „PV Point“ über eine integrierte Basisnotstromversorgung oder auf Wunsch auch eine umfassende Full Backup Notstromversorgung mithilfe eines angeschlossenen Batteriespeichers."
1073;"FRONIUS Symo GEN24 8.0 Plus";Stk;0,00;1;20,00;2.238,56;3.100,00;Fronius;"Bereit für die private Energiewende: Mit unserem Wechselrichter Fronius GEN24 Plus als Herz der privaten PV-Anlage produzieren Haushalte ihre eigene Energie flexibel, nachhaltig und günstig. Der Hybrid-Wechselrichter erlaubt die Nutzung eines Batteriespeichers – und damit die komplette Energieselbstversorgung für Strom, Wärme, Kälte und E-Mobilität.Der Fronius GEN24 Plus verfügt mit „PV Point“ über eine integrierte Basisnotstromversorgung oder auf Wunsch auch eine umfassende Full Backup Notstromversorgung mithilfe eines angeschlossenen Batteriespeichers."
1072;"FRONIUS Symo GEN24 6.0 Plus";Stk;0,00;1;20,00;1.943,90;2.700,00;Fronius;"Bereit für die private Energiewende: Mit unserem Wechselrichter Fronius GEN24 Plus als Herz der privaten PV-Anlage produzieren Haushalte ihre eigene Energie flexibel, nachhaltig und günstig. Der Hybrid-Wechselrichter erlaubt die Nutzung eines Batteriespeichers – und damit die komplette Energieselbstversorgung für Strom, Wärme, Kälte und E-Mobilität.Der Fronius GEN24 Plus verfügt mit „PV Point“ über eine integrierte Basisnotstromversorgung oder auf Wunsch auch eine umfassende Full Backup Notstromversorgung mithilfe eines angeschlossenen Batteriespeichers."
1071;"FRONIUS Symo GEN24 4.0 Plus";Stk;0,00;1;20,00;1.551,26;2.190,00;Fronius;"Bereit für die private Energiewende: Mit unserem Wechselrichter Fronius GEN24 Plus als Herz der privaten PV-Anlage produzieren Haushalte ihre eigene Energie flexibel, nachhaltig und günstig. Der Hybrid-Wechselrichter erlaubt die Nutzung eines Batteriespeichers – und damit die komplette Energieselbstversorgung für Strom, Wärme, Kälte und E-Mobilität.Der Fronius GEN24 Plus verfügt mit „PV Point“ über eine integrierte Basisnotstromversorgung oder auf Wunsch auch eine umfassende Full Backup Notstromversorgung mithilfe eines angeschlossenen Batteriespeichers."
1070;"FRONIUS Symo GEN24 3.0 Plus";Stk;0,00;1;20,00;1.453,96;2.040,00;Fronius;"Bereit für die private Energiewende: Mit unserem Wechselrichter Fronius GEN24 Plus als Herz der privaten PV-Anlage produzieren Haushalte ihre eigene Energie flexibel, nachhaltig und günstig. Der Hybrid-Wechselrichter erlaubt die Nutzung eines Batteriespeichers – und damit die komplette Energieselbstversorgung für Strom, Wärme, Kälte und E-Mobilität.Der Fronius GEN24 Plus verfügt mit „PV Point“ über eine integrierte Basisnotstromversorgung oder auf Wunsch auch eine umfassende Full Backup Notstromversorgung mithilfe eines angeschlossenen Batteriespeichers."
1069;"FRONIUS Symo GEN24 5.0 Plus";Stk;0,00;1;20,00;1.633,38;2.280,00;Fronius;"Bereit für die private Energiewende: Mit unserem Wechselrichter Fronius GEN24 Plus als Herz der privaten PV-Anlage produzieren Haushalte ihre eigene Energie flexibel, nachhaltig und günstig. Der Hybrid-Wechselrichter erlaubt die Nutzung eines Batteriespeichers – und damit die komplette Energieselbstversorgung für Strom, Wärme, Kälte und E-Mobilität.Der Fronius GEN24 Plus verfügt mit „PV Point“ über eine integrierte Basisnotstromversorgung oder auf Wunsch auch eine umfassende Full Backup Notstromversorgung mithilfe eines angeschlossenen Batteriespeichers."
1068;"FRONIUS BATTERY BACKUP BOX AP";Stk;0,00;1;20,00;958,76;1.400,00;Fronius;"NETZUMSCHALTBOX FÜR SYMO GEN24 UND SYMO HYBRID"
1067;"FRONIUS OHMPILOT 9.0-3 WARMWASSER";Stk;0,00;1;20,00;620,00;890,00;Fronius;"VERBRAUCHSREGLER ZUR WARMWASSERAUFBEREITUNG Der Fronius Ohmpilot ist mit allen Fronius Wechselrichtern kompatibel, Voraussetzung zur Nutzung ist ein Fronius Datamanager 2.0 sowie ein Fronius Smart Meter. Bei den Wechselrichtern Symo, Primo, Galvo und Eco ist der Fronius Datamanager standardmäßig integriert. In bereits installierten Wechselrichtern kann sowohl der Fronius Datamanager als auch der Fronius Smart Meter jederzeit nachgerüstet werden."
1066;"MONTAGESET PV GELÄNDER";Stk;0,00;1;20,00;50,00;115,00;Unterkonstruktion;"Befestigungskomponenten: Schrauben, Schienen, Modulklemmen"
1065;"MONTAGESET PV SCHRÄGDACH ZIEGEL";Stk;0,00;1;20,00;50,00;85,00;Unterkonstruktion;"Professionelles Montagesystem für Schrägdach Ziegel – sichere Befestigung & optimale Statik. • Hochwertige Halterung • Inklusive Schienen, Dachhaken und Modulklemmen • Perfekte Positionierung für gleichmäßige Energieproduktion"
1064;"MONTAGESET PV FLACHDACH OST/WEST";Stk;0,00;1;20,00;50,00;85,00;Unterkonstruktion;"Professionelles Montagesystem für Flachdach Ost/ West – optimale Ausrichtung & maximale Erträge. • Hochwertige Aufständerung • Inklusive Ballastierung & Modulklemmen • Perfekte Positionierung für gleichmäßige Energieproduktion"
1063;"MONTAGESET PV FLACHDACH SÜD";Stk;0,00;1;20,00;75,00;125,00;Unterkonstruktion;"Befestigungskomponenten: Modulaufständerung Süd, Luftleitblech, Ballastierung, Modulklemmen"
1062;"MONTAGESET PV WELLETERNIT";Stk;0,00;1;20,00;42,00;75,00;Unterkonstruktion;"Befestigungskomponenten: Stockschrauben, Schienen, Modulklemmen"
1061;"MONTAGESET PV BLECHDACH-TRAPEZ";Stk;0,00;1;20,00;39,00;85,00;Unterkonstruktion;"Befestigungskomponenten: Trapezklemmen, Schienen, Modulklemmen"
1060;"MONTAGESET PV BLECHDACH-FALZ";Stk;0,00;1;20,00;75,00;125,00;Unterkonstruktion;"Befestigungskomponenten: Falzklemmen, Schienen, Modulklemmen"
1059;"MONTAGESET PV ETERNIT RHOMBUS";Stk;0,00;1;20,00;67,00;115,00;Unterkonstruktion;"Befestigungskomponenten: Stockschrauben, Dichtplatte, Schienen, Modulklemmen"
1058;"SOLAX T-BAT H 6kWh SPEICHERSYSTEM";Stk;0,00;1;20,00;2.373,82;3.400,00;SolaX;"Mit der Solax T-BAT H 3.0 Hochvoltbatterie lassen sich für den Residential-Bereich ideale Speichergrößen bis 12,0 kWh zusammenstellen. Dank der Einzelkapazität von 3,0 kWh geht das in kleinen Schritten und passgenau. Mit nur 148 mm Bautiefe findet der Speicher überall Platz. Und in Kombination mit der Solax Mate Box für die automatische Ersatzstromumschaltung sogar als komplette Einheit inklusive Wechselrichter. Produktvorteile: • Bewährte, ultra-flache Stapelbauweise • Kaskadierbar bis zu 4 Batteriemodule • Updates und Diagnose über den Wechselrichter Produkteigenschaften Speicher: • Batteriekapazität (nutzbar): 5,5 kWh • Kaskadierbar: bis zu 4 Batteriemodule • Zellchemie: LFP • Nennspannung: 180 - 232 V • Schutzklasse: IP65 • Abmessungen: 1118 x 482 x 148 mm (H x B x T) • Gewicht: BMS + Sockel: 7,5 kg, 2 x Speicher je 34,5 kg"
1057;"SOLAX T-BAT HS 10kWh SPEICHERSYSTEM";Stk;0,00;1;20,00;3.532,05;4.990,00;SolaX;"Die neue T-BAT SYS-HV-S Hochvoltspeicher-Serie ermöglicht pro Einheit eine nutzbare Kapazität bis zu 29,9 kWh. Damit ist sie die ideale Kombi für die neuen X3-Ultra Hybriden mit 15 bis 30 kW. Aber auch an den bisherigen, kleineren Systemen kann dieser Speicher betrieben werden. Schnelle, kabellose Installation und zeitliche unbegrenzte Erweiterung sind ein dickes Plus. Produktvorteile: • Bewährte kabellose Stapelbauweise • Bis zu 13 Speichermodule pro Einheit • Updates und Diagnose über den Wechselrichter Produkteigenschaften Speicher: • Batteriekapazität (nutzbar): 9,2 kWh • Aufbau pro Einheit: 2 bis 13 Batteriemodule • Zellchemie: LFP • Nennspannung: 460,8 V • Schutzklasse: IP65 • Abmessungen: 773 x 510 x 365 mm (HxBxT) • Gewicht: Speicher - 4 x 28,0 kg; BMS – 10,0 kg"
1056;"SOLAX T-BAT HS 12.5kWh SPEICHERSYSTEM";Stk;0,00;1;20,00;4.294,46;6.300,00;SolaX;"Die neue T-BAT SYS-HV-S Hochvoltspeicher-Serie ermöglicht pro Einheit eine nutzbare Kapazität bis zu 29,9 kWh. Damit ist sie die ideale Kombi für die neuen X3-Ultra Hybriden mit 15 bis 30 kW. Aber auch an den bisherigen, kleineren Systemen kann dieser Speicher betrieben werden. Schnelle, kabellose Installation und zeitliche unbegrenzte Erweiterung sind ein dickes Plus. Produktvorteile: • Bewährte kabellose Stapelbauweise • Bis zu 13 Speichermodule pro Einheit • Updates und Diagnose über den Wechselrichter Produkteigenschaften Speicher: • Batteriekapazität (nutzbar): 11,5 kWh • Aufbau pro Einheit: 2 bis 13 Batteriemodule • Zellchemie: LFP • Nennspannung: 460,8 V • Schutzklasse: IP65 • Abmessungen: 910 x 510 x 365 mm (HxBxT) • Gewicht: Speicher - 5 x 28,0 kg; BMS – 10,0 kg"
1055;"SOLAX T-BAT HS 15kWh SPEICHERSYSTEM";Stk;0,00;1;20,00;5.056,87;7.400,00;SolaX;"Die neue T-BAT SYS-HV-S Hochvoltspeicher-Serie ermöglicht pro Einheit eine nutzbare Kapazität bis zu 29,9 kWh. Damit ist sie die ideale Kombi für die neuen X3-Ultra Hybriden mit 15 bis 30 kW. Aber auch an den bisherigen, kleineren Systemen kann dieser Speicher betrieben werden. Schnelle, kabellose Installation und zeitliche unbegrenzte Erweiterung sind ein dickes Plus. Produktvorteile: • Bewährte kabellose Stapelbauweise • Bis zu 13 Speichermodule pro Einheit • Updates und Diagnose über den Wechselrichter Produkteigenschaften Speicher: • Batteriekapazität (nutzbar): 13,8 kWh • Aufbau pro Einheit: 2 bis 13 Batteriemodule • Zellchemie: LFP • Nennspannung: 460,8 V • Schutzklasse: IP65 • Abmessungen: 1048 x 510 x 365 mm (HxBxT) • Gewicht: Speicher - 6 x 28,0 kg; BMS – 10,0 kg"
1054;"SOLAX T-BAT HS 17.5kWh SPEICHERSYSTEM";Stk;0,00;1;20,00;5.819,28;8.200,00;SolaX;"Die neue T-BAT SYS-HV-S Hochvoltspeicher-Serie ermöglicht pro Einheit eine nutzbare Kapazität bis zu 29,9 kWh. Damit ist sie die ideale Kombi für die neuen X3-Ultra Hybriden mit 15 bis 30 kW. Aber auch an den bisherigen, kleineren Systemen kann dieser Speicher betrieben werden. Schnelle, kabellose Installation und zeitliche unbegrenzte Erweiterung sind ein dickes Plus. Produktvorteile: • Bewährte kabellose Stapelbauweise • Bis zu 13 Speichermodule pro Einheit • Updates und Diagnose über den Wechselrichter Produkteigenschaften Speicher: • Batteriekapazität (nutzbar): 16,1 kWh • Aufbau pro Einheit: 2 bis 13 Batteriemodule • Zellchemie: LFP • Nennspannung: 460,8 V • Schutzklasse: IP65 • Abmessungen: 1185 x 510 x 365 mm (HxBxT) • Gewicht: Speicher - 7 x 28,0 kg; BMS – 10,0 kg"
1053;"SOLAX T-BAT HS 20kWh SPEICHERSYSTEM";Stk;0,00;1;20,00;6.581,69;9.300,00;SolaX;"Die neue T-BAT SYS-HV-S Hochvoltspeicher-Serie ermöglicht pro Einheit eine nutzbare Kapazität bis zu 29,9 kWh. Damit ist sie die ideale Kombi für die neuen X3-Ultra Hybriden mit 15 bis 30 kW. Aber auch an den bisherigen, kleineren Systemen kann dieser Speicher betrieben werden. Schnelle, kabellose Installation und zeitliche unbegrenzte Erweiterung sind ein dickes Plus. Produktvorteile: • Bewährte kabellose Stapelbauweise • Bis zu 13 Speichermodule pro Einheit • Updates und Diagnose über den Wechselrichter Produkteigenschaften Speicher: • Batteriekapazität (nutzbar): 18,4 kWh • Aufbau pro Einheit: 2 bis 13 Batteriemodule • Zellchemie: LFP • Nennspannung: 460,8 V • Schutzklasse: IP65 • Abmessungen: 1323 x 510 x 365 mm (HxBxT) • Gewicht: Speicher - 8 x 28,0 kg; BMS – 10,0 kg"
1052;"SOLAX T-BAT HS 22.5kWh SPEICHERSYSTEM";Stk;0,00;1;20,00;7.344,10;12.900,00;SolaX;"Die neue T-BAT SYS-HV-S Hochvoltspeicher-Serie ermöglicht pro Einheit eine nutzbare Kapazität bis zu 29,9 kWh. Damit ist sie die ideale Kombi für die neuen X3-Ultra Hybriden mit 15 bis 30 kW. Aber auch an den bisherigen, kleineren Systemen kann dieser Speicher betrieben werden. Schnelle, kabellose Installation und zeitliche unbegrenzte Erweiterung sind ein dickes Plus. Produktvorteile: • Bewährte kabellose Stapelbauweise • Bis zu 13 Speichermodule pro Einheit • Updates und Diagnose über den Wechselrichter Produkteigenschaften Speicher: • Batteriekapazität (nutzbar): 20,7 kWh • Aufbau pro Einheit: 2 bis 13 Batteriemodule • Zellchemie: LFP • Nennspannung: 460,8 V • Schutzklasse: IP65 • Abmessungen: 1460 x 510 x 365 mm (HxBxT) • Gewicht: Speicher - 9 x 28,0 kg; BMS – 10,0 kg"
1051;"SOLAX WR X3-ULTRA-30K";Stk;0,00;1;20,00;2.882,10;4.100,00;SolaX;"Die Solax X3-Ultra Serie bietet leistungsstarke Wechselrichter für große Heim- und kleine Gewerbeanlagen mit 15-30 kW, zwei Batterieanschlüssen und Off-Grid-Fähigkeit. Sie unterstützt HV-S Hochvoltspeicher für bis zu 86,2 kWh. Der SolaX Power X3-30K ULTRA optimiert die Stromversorgung, bietet intelligentes Batteriemanagement und eine integrierte WiFi-Überwachung. Mit 3 MPPT, 200% PV-Überdimensionierung und KI-gesteuertem Energiemanagement ist die Serie ideal für effiziente Energieerzeugung und -nutzung in kommerziellen und industriellen Umgebungen."
1050;"SOLAX WR X3-ULTRA-25K";Stk;0,00;1;20,00;2.645,96;3.700,00;SolaX;"Die Solax X3-Ultra Serie bietet leistungsstarke Wechselrichter für große Heim- und kleine Gewerbeanlagen mit 15-30 kW, zwei Batterieanschlüssen und Off-Grid-Fähigkeit. Sie unterstützt HV-S Hochvoltspeicher für bis zu 86,2 kWh. Der SolaX Power X3-25K ULTRA optimiert die Stromversorgung, bietet intelligentes Batteriemanagement und eine integrierte WiFi-Überwachung. Mit 3 MPPT, 200% PV-Überdimensionierung und KI-gesteuertem Energiemanagement ist die Serie ideal für effiziente Energieerzeugung und -nutzung in kommerziellen und industriellen Umgebungen."
1049;"SOLAX WR X3-ULTRA-20K";Stk;0,00;1;20,00;2.292,76;3.210,00;SolaX;"Die Solax X3-Ultra Serie bietet leistungsstarke Wechselrichter für große Heim- und kleine Gewerbeanlagen mit 15-30 kW, zwei Batterieanschlüssen und Off-Grid-Fähigkeit. Sie unterstützt HV-S Hochvoltspeicher für bis zu 86,2 kWh. Der SolaX Power X3-20K ULTRA optimiert die Stromversorgung, bietet intelligentes Batteriemanagement und eine integrierte WiFi-Überwachung. Mit 3 MPPT, 200% PV-Überdimensionierung und KI-gesteuertem Energiemanagement ist die Serie ideal für effiziente Energieerzeugung und -nutzung in kommerziellen und industriellen Umgebungen."
1048;"SOLAX WR X3-HYBRID-12.0-D G4.2";Stk;0,00;1;0,00;1.656,39;2.760,00;SolaX;"SolaX hat eine Reihe von Dreiphasen-Wechselrichtern entwickelt, die in Bezug auf Qualität, Zuverlässigkeit und Effizienz in der Branche ihresgleichen suchen. Die dreiphasigen Wechselrichter von SolaX verfügen über einen weiten MPPT-Spannungsbereich, um mehr Energie zu gewinnen, und haben eine maximale Eingangsspannung von 1000 V bei einem maximalen Wirkungsgrad von 98,3%. Darüber hinaus haben SolaX-Dreiphasen-Wechselrichter die Schutzart IP66, keinen internen Lüfter und sind mit optionalem Plug-and-Play-WLAN ausgestattet."
1047;"SOLAX ADAPTER BOX G2";Stk;0,00;1;0,00;36,71;65,00;SolaX;"Mit der neuen G2 Adapter Box wird die Anbindung von Wärmepumpen bei Solax noch einfacher. Diese kann nun über Wifi konfiguriert werden und bietet mehrere Arten von Schnittstellen für das Steuersignal. Der Betrieb der von Grund auf schon effizienten Wärmepumpen wird in Kombination mit günstigem PV-Überschuss nun noch besser. Produktvorteile: • Neue G2 Version mit Wifi Schnittstelle • Überwachung in der Solax App • Einfach Ansteuerung der Wärmepumpe mit PV-Überschuss Produkteigenschaften: • Schnittstelle Wechselrichter: RS485 • Schnittstelle Konfiguration: Wifi • Schnittstellen Wärmepumpe: SG Ready, potentialfreien Kontakt, analoger Ausgang • Abmessungen: 125 x 125 x 75 mm • Schutzklasse: IP65 • Gewicht: 0,4 kg"
1046;"SOLAX WR X3-HYBRID-6.0-D G4.2";Stk;0,00;1;20,00;1.355,02;2.258,00;SolaX;"SolaX hat eine Reihe von Dreiphasen-Wechselrichtern entwickelt, die in Bezug auf Qualität, Zuverlässigkeit und Effizienz in der Branche ihresgleichen suchen. Die dreiphasigen Wechselrichter von SolaX verfügen über einen weiten MPPT-Spannungsbereich, um mehr Energie zu gewinnen, und haben eine maximale Eingangsspannung von 1000 V bei einem maximalen Wirkungsgrad von 98,3%. Darüber hinaus haben SolaX-Dreiphasen-Wechselrichter die Schutzart IP66, keinen internen Lüfter und sind mit optionalem Plug-and-Play-WLAN ausgestattet."
1045;"SOLAX WR X3-HYBRID-15.0-D G4.2";Stk;0,00;1;20,00;1.705,87;2.843,11;SolaX;"SolaX hat eine Reihe von Dreiphasen-Wechselrichtern entwickelt, die in Bezug auf Qualität, Zuverlässigkeit und Effizienz in der Branche ihresgleichen suchen. Die dreiphasigen Wechselrichter von SolaX verfügen über einen weiten MPPT-Spannungsbereich, um mehr Energie zu gewinnen, und haben eine maximale Eingangsspannung von 1000 V bei einem maximalen Wirkungsgrad von 98,3%. Darüber hinaus haben SolaX-Dreiphasen-Wechselrichter die Schutzart IP66, keinen internen Lüfter und sind mit optionalem Plug-and-Play-WLAN ausgestattet."
1044;"SOLAX WR X3-HYBRID-10.0-D G4.2";Stk;0,00;1;20,00;1.605,79;2.677,00;SolaX;"SolaX hat eine Reihe von Dreiphasen-Wechselrichtern entwickelt, die in Bezug auf Qualität, Zuverlässigkeit und Effizienz in der Branche ihresgleichen suchen. Die dreiphasigen Wechselrichter von SolaX verfügen über einen weiten MPPT-Spannungsbereich, um mehr Energie zu gewinnen, und haben eine maximale Eingangsspannung von 1000 V bei einem maximalen Wirkungsgrad von 98,3%. Darüber hinaus haben SolaX-Dreiphasen-Wechselrichter die Schutzart IP66, keinen internen Lüfter und sind mit optionalem Plug-and-Play-WLAN ausgestattet."
1043;"SOLAX WR X3-HYBRID-8.0-D G4.2";Stk;0,00;1;20,00;1.455,10;2.426,00;SolaX;"SolaX hat eine Reihe von Dreiphasen-Wechselrichtern entwickelt, die in Bezug auf Qualität, Zuverlässigkeit und Effizienz in der Branche ihresgleichen suchen. Die dreiphasigen Wechselrichter von SolaX verfügen über einen weiten MPPT-Spannungsbereich, um mehr Energie zu gewinnen, und haben eine maximale Eingangsspannung von 1000 V bei einem maximalen Wirkungsgrad von 98,3%. Darüber hinaus haben SolaX-Dreiphasen-Wechselrichter die Schutzart IP66, keinen internen Lüfter und sind mit optionalem Plug-and-Play-WLAN ausgestattet."
1042;"SOLAX SMART METER DTSU666-D";Stk;0,00;1;20,00;89,96;249,00;SolaX;"Verbrauchsmesser und Leistungsanalysator"
1041;"SOLAX WALLBOX X3-EVC-11K (PXH)";Stk;0,00;1;20,00;484,66;807,90;SolaX;"Der X3-EV Charger ist die intelligente Erweiterung Ihres Solax Speichersystems. Dank direkter Anbindung ist die Ladung mit PV Überschuss sowie die Visualisierung aller Ladevorgänge in Portal und App sofort am Start. Auch die Installation ist durch die bereits integrierten Fehlerstromschutzschalter für Gleich- und Wechselstrom ohne zusätzliche Bauteile schnell und einfach erledigt. Produktvorteile: • Direkte Anbindung an Solax Speichersysteme • Ladung mit PV Überschuss • Integrierte RFID Zugangskontrolle • AC + DC Fehlerstromschutzschalter on Bord • Onlineüberwachung per App Produkteigenschaften: • Ladeleistung: 11 kw • Netzanschluss: 400 V, 16A, 3-phasig • Kommunikation: Wifi, RS485 • Schutzklasse: IP65 • Kühlung: Passiv • Gewicht: 10,5 kg"
1040;"SOLAX WALLBOX X3-EVC-22K (PXH)";Stk;0,00;1;20,00;566,75;944,00;SolaX;"Der X3-EV Charger ist die intelligente Erweiterung Ihres Solax Speichersystems. Dank direkter Anbindung ist die Ladung mit PV Überschuss sowie die Visualisierung aller Ladevorgänge in Portal und App sofort am Start. Auch die Installation ist durch die bereits integrierten Fehlerstromschutzschalter für Gleich- und Wechselstrom ohne zusätzliche Bauteile schnell und einfach erledigt. Produktvorteile: • Direkte Anbindung an Solax Speichersysteme • Ladung mit PV Überschuss • Integrierte RFID Zugangskontrolle • AC + DC Fehlerstromschutzschalter on Bord • Onlineüberwachung per App Produkteigenschaften: • Ladeleistung: 22 kw • Netzanschluss: 400 V, 32A, 3-phasig • Kommunikation: Wifi, RS485 • Schutzklasse: IP65 • Kühlung: Passiv • Gewicht: 10,5 kg"
1039;"TIGO OPTIMIERER TS4-A-O";Stk;0,00;1;20,00;29,36;53,00;Module;"- Schutzklasse: IP68 - Ausgangskabellänge: 1,2 m - Steckverbinder: MC4/MC4 EVO2 - Maximale Systemspannung: 1000 V - Spannungsbereich: 16-80 V - Maximaler Eingangsstrom (IMAX): 15A - Kommunikationsart: Funkverbindung - IEC zertifiziert Für das Monitoring wird der Cloud Connect mit TAP von Tigo benötigt."
1038;"SOFARSOLAR BTS 20kWh SPEICHERSYSTEM";Stk;0,00;1;0,00;5.984,79;9.975,00;SofarSolar;"Das BTS Speichersystem ist die ideale Kombination zur Hybrid-Wechselrichter-Serie von Sofar. Je nach Leistungsklasse sind bis zu 8 kaskadierte Batteriemodule mit gesamt 38,0 kWh nutzbarer Kapazität möglich. Das in jeder Einheit verbaute BMS schafft maximale Flexibilität. Dank dem flachen und modularen Design findet das optisch ansprechende System immer sein Plätzchen. Produkteigenschaften Speichersystem: • Batteriekapazität (nutzbar): 19,0 kWh • Bis zu 8 Batteriemodule kaskadierbar (HYD 5-8 max. 4, HYD 10-20 max. 8 Einheiten) • Zellchemie: LFP • Nennspannung: 400 V • Schutzklasse: IP65 • Abmessungen: 1100 x 708 x 170 mm + 900 x 708 x 170 mm (HxBxT) • Gewicht: BDU + Sockel: 7,5 kg, 4x Speicher je 50,0 kg, 1x Extension: 7,5 kg"
1037;"SOFARSOLAR BTS 10kWh SPEICHERSYSTEM";Stk;0,00;1;0,00;3.089,63;5.150,00;SofarSolar;"Das BTS Speichersystem ist die ideale Kombination zur Hybrid-Wechselrichter-Serie von Sofar. Je nach Leistungsklasse sind bis zu 8 kaskadierte Batteriemodule mit gesamt 38,0 kWh nutzbarer Kapazität möglich. Das in jeder Einheit verbaute BMS schafft maximale Flexibilität. Dank dem flachen und modularen Design findet das optisch ansprechende System immer sein Plätzchen. Produkteigenschaften Speichersystem: • Batteriekapazität (nutzbar): 9,5 kWh • Bis zu 8 Batteriemodule kaskadierbar (HYD 5-8 max. 4, HYD 10-20 max. 8 Einheiten) • Zellchemie: LFP • Nennspannung: 400 V • Schutzklasse: IP65 • Abmessungen: 1100 x 708 x 170 mm (HxBxT) • Gewicht: BDU + Sockel: 7,5 kg, 2x Speicher je 50,0 kg"
1036;"SOFARSOLAR BTS 15kWh SPEICHERSYSTEM";Stk;0,00;1;0,00;4.503,35;7.510,00;SofarSolar;"Das BTS Speichersystem ist die ideale Kombination zur Hybrid-Wechselrichter-Serie von Sofar. Je nach Leistungsklasse sind bis zu 8 kaskadierte Batteriemodule mit gesamt 38,0 kWh nutzbarer Kapazität möglich. Das in jeder Einheit verbaute BMS schafft maximale Flexibilität. Dank dem flachen und modularen Design findet das optisch ansprechende System immer sein Plätzchen. Produkteigenschaften Speichersystem: • Batteriekapazität (nutzbar): 14,25 kWh • Bis zu 8 Batteriemodule kaskadierbar (HYD 5-8 max. 4, HYD 10-20 max. 8 Einheiten) • Zellchemie: LFP • Nennspannung: 400 V • Schutzklasse: IP65 • Abmessungen: 1520 x 708 x 170 mm (HxBxT) • Gewicht: BDU + Sockel: 7,5 kg, 3x Speicher je 50,0 kg"
1035;"SOFARSOLAR BTS 5kWh SPEICHERSYSTEM";Stk;0,00;1;0,00;1.675,91;2.795,00;SofarSolar;"Das BTS Speichersystem ist die ideale Kombination zur Hybrid-Wechselrichter-Serie von Sofar. Je nach Leistungsklasse sind bis zu 8 kaskadierte Batteriemodule mit gesamt 38,0 kWh nutzbarer Kapazität möglich. Das in jeder Einheit verbaute BMS schafft maximale Flexibilität. Dank dem flachen und modularen Design findet das optisch ansprechende System immer sein Plätzchen. Produkteigenschaften Speichersystem: • Batteriekapazität (nutzbar): 4,75 kWh • Bis zu 8 Batteriemodule kaskadierbar (HYD 5-8 max. 4, HYD 10-20 max. 8 Einheiten) • Zellchemie: LFP • Nennspannung: 400 V • Schutzklasse: IP65 • Abmessungen: 680 x 708 x 170 mm (HxBxT) • Gewicht: BDU + Sockel: 7,5 kg, 1x Speicher je 50,0 kg"
1034;"SOFARSOLAR SMART METER";Stk;0,00;1;0,00;66,99;249,00;SofarSolar;"Der Sofar Smart Meter mit direkter Messung ermöglicht die genaue Erfassung aller Energieflüsse für das HYD-3PH Hybrid-Speichersystem. Produkteigenschaften: • AC-Anschluss: 3-phasig, 400 V / 50Hz • Messart: direkt bis 80 A / Phase • Abmessungen: 4 TE (72 mm)"
1033;"SOFARSOLAR WR-25KTLX-G3";Stk;0,00;1;0,00;1.396,40;1.960,00;SofarSolar;"Die Projekt-Wechselrichter der KTLX-G3 Serie glänzen mit einem breiten Spannungsbereich und hohem Eingangsstrom für leistungsstarke Modulgenerationen. Integrierter AC + DC Überspannungsschutz, Kennlinienmessung und Schattenmanagement gehören auch hier zur Standardausstattung. Produktvorteile: • 40 A Eingangsstrom pro MPPT • Breiter MPPT Spannungsbereich von 180 bis 1000 V • Integrierter Überspannungsschutz AC / DC Typ II • U-I-Kennlinien-Scan-Funktion • 10 Jahre Produktgarantie Produkteigenschaften: • AC-Leistung: 25 kW • Anzahl MPPT: 3 • DC Trennschalter: integriert • Anschlussphasen: 3 • Schnittstellen: RS485, Wifi, Bluetooth, Ethernet (opt. mit LAN Dongle) • Verbindungsstecker: MC4 • Schutzklasse: IP 65 • Kühlung: aktiv • Abmessungen: 585 x 480 x 220 mm (HxBxT) • Gewicht: 36,0 kg • Geräuschentwicklung: < 60 dB"
1032;"SOFARSOLAR WR-HYD 5KTL-3PH";Stk;0,00;1;0,00;1.189,19;1.670,00;SofarSolar;"Die Hybrid-Wechselrichter der HYD KTL-3PH Serie glänzen mit einem breiten Spannungsbereich für leistungsstarke Modulgenerationen und bis zu 2 Batterieanschlüssen. Integrierter AC + DC Überspannungsschutz und Schattenmanagement gehören auch hier zur Standardausstattung. Bei Leistungsklassen von 5 bis 20 kW findet sich stets das Passende. Produktvorteile: • 2 x 25 A Batterieanschlüsse • Breiter MPPT Spannungsbereich von 180 bis 960 V • Integrierter Überspannungsschutz AC / DC Typ II • Aktives Schattenmanagement • Inklusive Energy Meter mit 3 CT´s (200A) Produkteigenschaften: • AC-Leistung: 5 kW • Anzahl MPPT: 2 • Anschlussphasen: 3 • Schnittstellen: RS485, Wifi, Bluetooth, Ethernet, 4 x dig.In (FRE) • Verbindungsstecker: MC4 • Schutzklasse: IP 65 • Kühlung: aktiv • Abmessungen: 571 x 515 x 264 mm (HxBxT) • Gewicht: 33,0 kg • Garantie: 5 Jahre"
1031;"SOFARSOLAR WR-HYD 6KTL-3PH";Stk;0,00;1;0,00;1.311,55;1.840,00;SofarSolar;"Die Hybrid-Wechselrichter der HYD KTL-3PH Serie glänzen mit einem breiten Spannungsbereich für leistungsstarke Modulgenerationen und bis zu 2 Batterieanschlüssen. Integrierter AC + DC Überspannungsschutz und Schattenmanagement gehören auch hier zur Standardausstattung. Bei Leistungsklassen von 5 bis 20 kW findet sich stets das Passende. Produktvorteile: • 2 x 25 A Batterieanschlüsse • Breiter MPPT Spannungsbereich von 180 bis 960 V • Integrierter Überspannungsschutz AC / DC Typ II • Aktives Schattenmanagement • Inklusive Energy Meter mit 3 CT´s (200A) Produkteigenschaften: • AC-Leistung: 6 kW • Anzahl MPPT: 2 • Anschlussphasen: 3 • Schnittstellen: RS485, Wifi, Bluetooth, Ethernet, 4 x dig.In (FRE) • Verbindungsstecker: MC4 • Schutzklasse: IP 65 • Kühlung: aktiv • Abmessungen: 571 x 515 x 264 mm (HxBxT) • Gewicht: 33,0 kg • Garantie: 5 Jahre"
1030;"SOFARSOLAR WR-HYD 8KTL-3PH";Stk;0,00;1;0,00;1.462,43;2.060,00;SofarSolar;"Die Hybrid-Wechselrichter der HYD KTL-3PH Serie glänzen mit einem breiten Spannungsbereich für leistungsstarke Modulgenerationen und bis zu 2 Batterieanschlüssen. Integrierter AC + DC Überspannungsschutz und Schattenmanagement gehören auch hier zur Standardausstattung. Bei Leistungsklassen von 5 bis 20 kW findet sich stets das Passende. Produktvorteile: • 2 x 25 A Batterieanschlüsse • Breiter MPPT Spannungsbereich von 180 bis 960 V • Integrierter Überspannungsschutz AC / DC Typ II • Aktives Schattenmanagement • Inklusive Energy Meter mit 3 CT´s (200A) Produkteigenschaften: • AC-Leistung: 8 kW • Anzahl MPPT: 2 • Anschlussphasen: 3 • Schnittstellen: RS485, Wifi, Bluetooth, Ethernet, 4 x dig.In (FRE) • Verbindungsstecker: MC4 • Schutzklasse: IP 65 • Kühlung: aktiv • Abmessungen: 571 x 515 x 264 mm (HxBxT) • Gewicht: 33,0 kg • Garantie: 5 Jahre"
1029;"SOFARSOLAR WR-HYD 10KTL-3PH";Stk;0,00;1;0,00;1.511,14;2.200,00;SofarSolar;"Die Hybrid-Wechselrichter der HYD KTL-3PH Serie glänzen mit einem breiten Spannungsbereich für leistungsstarke Modulgenerationen und bis zu 2 Batterieanschlüssen. Integrierter AC + DC Überspannungsschutz und Schattenmanagement gehören auch hier zur Standardausstattung. Bei Leistungsklassen von 5 bis 20 kW findet sich stets das Passende. Produktvorteile: • 2 x 25 A Batterieanschlüsse • Breiter MPPT Spannungsbereich von 180 bis 960 V • Integrierter Überspannungsschutz AC / DC Typ II • Aktives Schattenmanagement • Inklusive Energy Meter mit 3 CT´s (200A) Produkteigenschaften: • AC-Leistung: 10 kW • Anzahl MPPT: 2 • Anschlussphasen: 3 • Schnittstellen: RS485, Wifi, Bluetooth, Ethernet, 4 x dig.In (FRE) • Verbindungsstecker: MC4 • Schutzklasse: IP 65 • Kühlung: aktiv • Abmessungen: 571 x 515 x 264 mm (HxBxT) • Gewicht: 37,0 kg • Garantie: 5 Jahre"
1027;"SOFARSOLAR WR-HYD 20KTL-3PH";Stk;0,00;1;0,00;1.957,82;2.750,00;SofarSolar;"Die Hybrid-Wechselrichter der HYD KTL-3PH Serie glänzen mit einem breiten Spannungsbereich für leistungsstarke Modulgenerationen und bis zu 2 Batterieanschlüssen. Integrierter AC + DC Überspannungsschutz und Schattenmanagement gehören auch hier zur Standardausstattung. Bei Leistungsklassen von 5 bis 20 kW findet sich stets das Passende. Produktvorteile: • 2 x 25 A Batterieanschlüsse • Breiter MPPT Spannungsbereich von 180 bis 960 V • Integrierter Überspannungsschutz AC / DC Typ II • Aktives Schattenmanagement • Inklusive Energy Meter mit 3 CT´s (200A) Produkteigenschaften: • AC-Leistung: 20 kW • Anzahl MPPT: 2 • Anschlussphasen: 3 • Schnittstellen: RS485, Wifi, Bluetooth, Ethernet, 4 x dig.In (FRE) • Verbindungsstecker: MC4 • Schutzklasse: IP 65 • Kühlung: aktiv • Abmessungen: 571 x 515 x 264 mm (HxBxT) • Gewicht: 37,0 kg • Garantie: 5 Jahre"
1024;"HOCHLEISTUNGS-SOLARMODUL 400-440 WP";Stk;0,00;1;20,00;65,00;80,00;Module;"Die monokristallinen Solarmodule haben eine hohe Modulleistung, niedrigen Temperaturkoeffizient, der sich positiv auf den Ertrag bei höheren Modultemperaturen auswirkt, und excellente Schwachlicht-Performance. Die Hochleistungs-Solarmodule mit über 20 % Wirkungsgrad und hervorragendem Verhalten bei Schwachlicht sind ein Garant für hohe Leistungsausbringung. Maximaler Ertrag: • 12 Jahre Produktgarantie auf die Verarbeitung und 30 Jahre Leistungsgarantie"
1023;"LUXOR-GLAS-GLAS HOCHLEISTUNGS-SOLARMODUL 430 WP";Stk;0,00;1;0,00;83,85;115,00;Module;"Doppelglas für max. Zuverlässigkeit: • Ausgezeichnete Beständigkeit gegen Feuer und bei schwierigen Umweltbedingungen • 5.400 Pa Scheelast und 4.000 Pa Windlast (Testlasten) Maximaler Ertrag: • 25 Jahre Produktgarantie auf die Verarbeitung und 30 Jahre Leistungsgarantie"
1022;"DAS-GLAS-GLAS HOCHLEISTUNGS-SOLARMODUL 445 WP";Stk;0,00;1;20,00;77,88;100,00;Module;"Doppelglas für max. Zuverlässigkeit: • Ausgezeichnete Beständigkeit gegen Feuer und bei schwierigen Umweltbedingungen • 5.400 Pa Scheelast und 4.000 Pa Windlast (Testlasten) Maximaler Ertrag: • 25 Jahre Produktgarantie auf die Verarbeitung und 30 Jahre Leistungsgarantie"
1020;"TRINASOLAR GLAS-GLAS HOCHLEISTUNGS-SOLARMODUL 450 WP";Stk;0,00;1;20,00;70,00;95,00;Module;"Doppelglas für max. Zuverlässigkeit: • Ausgezeichnete Beständigkeit gegen Feuer und bei schwierigen Umweltbedingungen • 5.400 Pa Scheelast und 4.000 Pa Windlast (Testlasten) Maximaler Ertrag: • 25 Jahre Produktgarantie auf die Verarbeitung und 30 Jahre Leistungsgarantie"
1019;"HUAWEI WR-SUN2000-50KTL-M3";Stk;0,00;1;20,00;2.438,74;3.420,00;Huawei;"Ein großer Vorteil des Huawei SUN2000-50KTL-M3 ist der werksseitige Überspannungsschutz (Typ 2 für AC und DC) sowie vier unabhängige MPP-Tracker sind innovative Details. Zudem arbeitet das Modul angenehm leise, denn die Kühlung erfolgt ohne Lüfter durch natürliche Konvektion. Die Maximalleistung des Huawei SUN2000-50KTL-M3 Wechselrichters liegt bei 55.000 Watt. Mit einem maximalen Wirkungsgrad von 98,7 Prozent und einem europäischen Wirkungsgrad von 98,4 Prozent erreicht das Bauteil eine enorme Effizienz. Produkteigenschaften: • Anzahl MPPT: 4 • AC-Anschluss: 3-phasig • Kommunikation: RS485, Wifi / LAN (optional), 4G / 3G / 2G (optional) • Schutzklasse: IP66 • Kühlung: aktiv • Abmessungen: 640 x 530 x 270 mm (H x B x T) • Gewicht: 49,0 kg"
1018;"HUAWEI WR-SUN2000-30KTL-M3";Stk;0,00;1;20,00;2.023,26;2.890,00;Huawei;"Ein großer Vorteil des Huawei SUN2000-30KTL-M3 ist der werksseitige Überspannungsschutz (Typ 2 für AC und DC) sowie vier unabhängige MPP-Tracker sind innovative Details. Zudem arbeitet das Modul angenehm leise, denn die Kühlung erfolgt ohne Lüfter durch natürliche Konvektion. Die Maximalleistung des Huawei SUN2000-30KTL-M3 Wechselrichters liegt bei 33.000 Watt. Mit der Einstellung Netzcode Österreich ist die Maximalleistung auf 30 kVA limitiert. Der MPPT-Betriebsspannungsbereich reicht von 200 V bis 1.000 Volt. Mit einem maximalen Wirkungsgrad von 98,7 Prozent und einem europäischen Wirkungsgrad von 98,4 Prozent erreicht das Bauteil eine enorme Effizienz. Produkteigenschaften: • Anzahl MPPT: 4 • AC-Anschluss: 3-phasig • Kommunikation: RS485, Wifi / LAN (optional), 4G / 3G / 2G (optional) • Schutzklasse: IP66 • Kühlung: aktiv • Abmessungen: 640 x 530x 270 mm (H x B x T) • Gewicht: 43,0 kg"
1017;"HUAWEI WR-SUN2000-8KTL-M1";Stk;0,00;1;20,00;1.237,60;1.750,00;Huawei;"Schon seit Jahren ist der global agierende Hersteller Huawei erfolgreich im Photovoltaik- und Speichermarkt unterwegs. Dies zeigt sich auch in einer breiten Palette an Wechselrichtern für jeden Anwendungsfall. Egal ob XXL Großanlage oder anspruchsvolles Komplettsystem mit Speicher und intelligentem Zubehör im Heimgebrauch. Dank der direkten Anbindung des hauseigenen LUNA Hochvoltspeichers sowie der Moduloptimierer bieten die 3-phasigen Geräte der M1-Serie maximale Flexibilität im Residential-Bereich. Eine umfangreiche Palette an Kommunikations- und Schutzkomponenten plus Backup-Funktion rundet alles ideal ab. Produktvorteile: • 13,5 A Eingangsstrom pro MPPT • WLAN-FE Dongle bei Wechselrichter enthalten • Auch mit Huawei Optimierern kompatibel Produkteigenschaften: • AC-Leistung: 8,0 kW • Anzahl MPPT: 2 • Überspannungsschutz: Typ 2 AC + DC • AC-Anschluss: 3-phasig • Kommunikation: RS485, WLAN / LAN mit Dongle • Schutzklasse: IP65 • Kühlung: passiv • Abmessungen: 470 x 525 x 146 mm (H x B x T) • Gewicht: 17,0 kg"
1016;"HUAWEI WR-SUN2000 3 KTL-M1";Stk;0,00;1;20,00;846,43;1.190,00;Huawei;"Schon seit Jahren ist der global agierende Hersteller Huawei erfolgreich im Photovoltaik- und Speichermarkt unterwegs. Dies zeigt sich auch in einer breiten Palette an Wechselrichtern für jeden Anwendungsfall. Egal ob XXL Großanlage oder anspruchsvolles Komplettsystem mit Speicher und intelligentem Zubehör im Heimgebrauch. Dank der direkten Anbindung des hauseigenen LUNA Hochvoltspeichers sowie der Moduloptimierer bieten die 3-phasigen Geräte der M1-Serie maximale Flexibilität im Residential-Bereich. Eine umfangreiche Palette an Kommunikations- und Schutzkomponenten plus Backup-Funktion rundet alles ideal ab. Produktvorteile: • 13,5 A Eingangsstrom pro MPPT • WLAN-FE Dongle bei Wechselrichter enthalten • Auch mit Huawei Optimierern kompatibel Produkteigenschaften: • AC-Leistung: 3,0 kW • Anzahl MPPT: 2 • Überspannungsschutz: Typ 2 AC + DC • AC-Anschluss: 3-phasig • Kommunikation: RS485, WLAN / LAN mit Dongle • Schutzklasse: IP65 • Kühlung: passiv • Abmessungen: 470 x 525 x 146 mm (H x B x T) • Gewicht: 17,0 kg"
1015;"HUAWEI WR-SUN2000-5KTL-M1";Stk;0,00;1;20,00;933,73;1.340,00;Huawei;"Schon seit Jahren ist der global agierende Hersteller Huawei erfolgreich im Photovoltaik- und Speichermarkt unterwegs. Dies zeigt sich auch in einer breiten Palette an Wechselrichtern für jeden Anwendungsfall. Egal ob XXL Großanlage oder anspruchsvolles Komplettsystem mit Speicher und intelligentem Zubehör im Heimgebrauch. Dank der direkten Anbindung des hauseigenen LUNA Hochvoltspeichers sowie der Moduloptimierer bieten die 3-phasigen Geräte der M1-Serie maximale Flexibilität im Residential-Bereich. Eine umfangreiche Palette an Kommunikations- und Schutzkomponenten plus Backup-Funktion rundet alles ideal ab. Produktvorteile: • 13,5 A Eingangsstrom pro MPPT • WLAN-FE Dongle bei Wechselrichter enthalten • Auch mit Huawei Optimierern kompatibel Produkteigenschaften: • AC-Leistung: 5,0 kW • Anzahl MPPT: 2 • Überspannungsschutz: Typ 2 AC + DC • AC-Anschluss: 3-phasig • Kommunikation: RS485, WLAN / LAN mit Dongle • Schutzklasse: IP65 • Kühlung: passiv • Abmessungen: 470 x 525 x 146 mm (H x B x T) • Gewicht: 17,0 kg"
1014;"HUAWEI WR-SUN2000-4KTL-M1";Stk;0,00;1;20,00;884,00;1.260,00;Huawei;"Schon seit Jahren ist der global agierende Hersteller Huawei erfolgreich im Photovoltaik- und Speichermarkt unterwegs. Dies zeigt sich auch in einer breiten Palette an Wechselrichtern für jeden Anwendungsfall. Egal ob XXL Großanlage oder anspruchsvolles Komplettsystem mit Speicher und intelligentem Zubehör im Heimgebrauch. Dank der direkten Anbindung des hauseigenen LUNA Hochvoltspeichers sowie der Moduloptimierer bieten die 3-phasigen Geräte der M1-Serie maximale Flexibilität im Residential-Bereich. Eine umfangreiche Palette an Kommunikations- und Schutzkomponenten plus Backup-Funktion rundet alles ideal ab. Produktvorteile: • 13,5 A Eingangsstrom pro MPPT • WLAN-FE Dongle bei Wechselrichter enthalten • Auch mit Huawei Optimierern kompatibel Produkteigenschaften: • AC-Leistung: 4,0 kW • Anzahl MPPT: 2 • Überspannungsschutz: Typ 2 AC + DC • AC-Anschluss: 3-phasig • Kommunikation: RS485, WLAN / LAN mit Dongle • Schutzklasse: IP65 • Kühlung: passiv • Abmessungen: 470 x 525 x 146 mm (H x B x T) • Gewicht: 17,0 kg"
1013;"HUAWEI WR-SUN2000-6KTL-M1";Stk;0,00;1;20,00;1.044,23;1.460,00;Huawei;"Schon seit Jahren ist der global agierende Hersteller Huawei erfolgreich im Photovoltaik- und Speichermarkt unterwegs. Dies zeigt sich auch in einer breiten Palette an Wechselrichtern für jeden Anwendungsfall. Egal ob XXL Großanlage oder anspruchsvolles Komplettsystem mit Speicher und intelligentem Zubehör im Heimgebrauch. Dank der direkten Anbindung des hauseigenen LUNA Hochvoltspeichers sowie der Moduloptimierer bieten die 3-phasigen Geräte der M1-Serie maximale Flexibilität im Residential-Bereich. Eine umfangreiche Palette an Kommunikations- und Schutzkomponenten plus Backup-Funktion rundet alles ideal ab. Produktvorteile: • 13,5 A Eingangsstrom pro MPPT • WLAN-FE Dongle bei Wechselrichter enthalten • Auch mit Huawei Optimierern kompatibel Produkteigenschaften: • AC-Leistung: 6,0 kW • Anzahl MPPT: 2 • Überspannungsschutz: Typ 2 AC + DC • AC-Anschluss: 3-phasig • Kommunikation: RS485, WLAN / LAN mit Dongle • Schutzklasse: IP65 • Kühlung: passiv • Abmessungen: 470 x 525 x 146 mm (H x B x T) • Gewicht: 17,0 kg"
1012;"HUAWEI-LUNA2000 5kWh SPEICHERSYSTEM";Stk;0,00;1;20,00;2.442,06;3.170,00;Huawei;"Der LUNA Hochvoltspeicher ist technisch wie optisch ein Sahnestück. Einfache und schnelle Installation sowie Nachrüstung sind dank intelligenter Systemregelung jederzeit möglich. Im Parallelbetrieb mit 2 Türmen stehen bis zu 30 kWh nutzbare Speicherkapazität zur Verfügung. Produktvorteile: • Zeitlich unbegrenzt erweiterbar • Bis zu 2 Batterietürme mit gesamt 30 kWh kaskadierbar • Zertifizierte Batteriesicherheit nach VDE 2510-50 Produkteigenschaften: • Batteriekapazität (nutzbar): 5,0 kWh • Zeitfenster Erweiterung: unbegrenzt • Kaskadierbar: bis zu 2 Türme parallel (30,0 kWh) • Zellchemie: LFP • Ladeleistung: 5,0 kW • Schutzklasse: IP65 • Abmessungen: 600 x 670 x 150 mm (HxBxT) • Gewicht: BMS + Sockel: 13,8 kg, 1 x Speicher je 50,0 kg"
1011;"HUAWEI-LUNA2000 15kWh SPEICHERSYSTEM";Stk;0,00;1;20,00;5.891,88;7.600,00;Huawei;"Der LUNA Hochvoltspeicher ist technisch wie optisch ein Sahnestück. Einfache und schnelle Installation sowie Nachrüstung sind dank intelligenter Systemregelung jederzeit möglich. Im Parallelbetrieb mit 2 Türmen stehen bis zu 30 kWh nutzbare Speicherkapazität zur Verfügung. Produktvorteile: • Zeitlich unbegrenzt erweiterbar • Bis zu 2 Batterietürme mit gesamt 30 kWh kaskadierbar • Zertifizierte Batteriesicherheit nach VDE 2510-50 Produkteigenschaften: • Batteriekapazität (nutzbar): 15,0 kWh • Zeitfenster Erweiterung: unbegrenzt • Kaskadierbar: bis zu 2 Türme parallel (30,0 kWh) • Zellchemie: LFP • Ladeleistung: 5,0 kW • Schutzklasse: IP65 • Abmessungen: 600/960/1320 x 670 x 150 mm (HxBxT) • Gewicht: BMS + Sockel: 13,8 kg, 3 x Speicher je 50,0 kg"
1010;"HUAWEI-LUNA2000 10kWh SPEICHERSYSTEM";Stk;0,00;1;20,00;4.166,97;5.400,00;Huawei;"Der LUNA Hochvoltspeicher ist technisch wie optisch ein Sahnestück. Einfache und schnelle Installation sowie Nachrüstung sind dank intelligenter Systemregelung jederzeit möglich. Im Parallelbetrieb mit 2 Türmen stehen bis zu 30 kWh nutzbare Speicherkapazität zur Verfügung. Produktvorteile: • Zeitlich unbegrenzt erweiterbar • Bis zu 2 Batterietürme mit gesamt 30 kWh kaskadierbar • Zertifizierte Batteriesicherheit nach VDE 2510-50 Produkteigenschaften: • Batteriekapazität (nutzbar): 10,0 kWh • Zeitfenster Erweiterung: unbegrenzt • Kaskadierbar: bis zu 2 Türme parallel (30,0 kWh) • Zellchemie: LFP • Ladeleistung: 5,0 kW • Schutzklasse: IP65 • Abmessungen: 600/960/1320 x 670 x 150 mm (HxBxT) • Gewicht: BMS + Sockel: 13,8 kg, 2 x Speicher je 50,0 kg"
1009;"HUAWEI WR-SUN2000-20KTL-M5";Stk;0,00;1;20,00;1.772,42;2.480,00;Huawei;"Mit einem Schnips leichter, schlanker und schlauer sein – das geht nur wenn man ein Wechselrichter ist. Die 12-25KTL Geräte von Huawei haben mit dem Sprung von der M2 auf die M5 Serie genauso ein Update erhalten. 4 kg Gewichtsreduzierung, geringere Abmessungen und höhere Eingangsströme können sich sehen lassen. Zudem sind alle neuen hauseigenen Optimierer-Modelle als optionales Zubehör möglich. Produktvorteile: • Höherer DC Eingangsstrom • Kleiner und leichter • Mit allen neuen Huawei Optimierern kompatibel * Produkteigenschaften: • AC-Leistung: 20,0 kW • Anzahl MPPT: 2 • AC-Anschluss: 3-phasig • Kommunikation: RS485, Wifi / LAN (optional), 4G / 3G / 2G (optional) • Schutzklasse: IP66 • Kühlung: aktiv • Abmessungen: 460 x 546 x 228 mm (H x B x T) • Gewicht: 21,0 kg *kompatibel mit Huawei Optimierer"
1008;"HUAWEI WR-SUN2000-25KTL-M5";Stk;0,00;1;20,00;1.830,99;2.580,00;Huawei;"Mit einem Schnips leichter, schlanker und schlauer sein – das geht nur wenn man ein Wechselrichter ist. Die 12-25KTL Geräte von Huawei haben mit dem Sprung von der M2 auf die M5 Serie genauso ein Update erhalten. 4 kg Gewichtsreduzierung, geringere Abmessungen und höhere Eingangsströme können sich sehen lassen. Zudem sind alle neuen hauseigenen Optimierer-Modelle als optionales Zubehör möglich. Produktvorteile: • Höherer DC Eingangsstrom • Kleiner und leichter • Mit allen neuen Huawei Optimierern kompatibel * Produkteigenschaften: • AC-Leistung: 25,0 kW • Anzahl MPPT: 2 • AC-Anschluss: 3-phasig • Kommunikation: RS485, Wifi / LAN (optional), 4G / 3G / 2G (optional) • Schutzklasse: IP66 • Kühlung: aktiv • Abmessungen: 460 x 546 x 228 mm (H x B x T) • Gewicht: 21,0 kg *kompatibel mit Huawei Optimierer"
1007;"HUAWEI WR-SUN2000-17KTL-M5";Stk;0,00;1;20,00;1.678,50;2.400,00;Huawei;"Mit einem Schnips leichter, schlanker und schlauer sein – das geht nur wenn man ein Wechselrichter ist. Die 12-25KTL Geräte von Huawei haben mit dem Sprung von der M2 auf die M5 Serie genauso ein Update erhalten. 4 kg Gewichtsreduzierung, geringere Abmessungen und höhere Eingangsströme können sich sehen lassen. Zudem sind alle neuen hauseigenen Optimierer-Modelle als optionales Zubehör möglich. Produktvorteile: • Höherer DC Eingangsstrom • Kleiner und leichter • Mit allen neuen Huawei Optimierern kompatibel * Produkteigenschaften: • AC-Leistung: 17,0 kW • Anzahl MPPT: 2 • AC-Anschluss: 3-phasig • Kommunikation: RS485, Wifi / LAN (optional), 4G / 3G / 2G (optional) • Schutzklasse: IP66 • Kühlung: aktiv • Abmessungen: 460 x 546 x 228 mm (H x B x T) • Gewicht: 21,0 kg *kompatibel mit Huawei Optimierer"
1006;"HUAWEI WR-SUN2000-15KTL-M5";Stk;0,00;1;20,00;1.644,24;2.350,00;Huawei;"Mit einem Schnips leichter, schlanker und schlauer sein – das geht nur wenn man ein Wechselrichter ist. Die 12-25KTL Geräte von Huawei haben mit dem Sprung von der M2 auf die M5 Serie genauso ein Update erhalten. 4 kg Gewichtsreduzierung, geringere Abmessungen und höhere Eingangsströme können sich sehen lassen. Zudem sind alle neuen hauseigenen Optimierer-Modelle als optionales Zubehör möglich. Produktvorteile: • Höherer DC Eingangsstrom • Kleiner und leichter • Mit allen neuen Huawei Optimierern kompatibel * Produkteigenschaften: • AC-Leistung: 15,0 kW • Anzahl MPPT: 2 • AC-Anschluss: 3-phasig • Kommunikation: RS485, Wifi / LAN (optional), 4G / 3G / 2G (optional) • Schutzklasse: IP66 • Kühlung: aktiv • Abmessungen: 460 x 546 x 228 mm (H x B x T) • Gewicht: 21,0 kg *kompatibel mit Huawei Optimierer"
1005;"HUAWEI WR-SUN2000-12KTL-M5";Stk;0,00;1;20,00;1.455,29;2.040,00;Huawei;"Mit einem Schnips leichter, schlanker und schlauer sein – das geht nur wenn man ein Wechselrichter ist. Die 12-25KTL Geräte von Huawei haben mit dem Sprung von der M2 auf die M5 Serie genauso ein Update erhalten. 4 kg Gewichtsreduzierung, geringere Abmessungen und höhere Eingangsströme können sich sehen lassen. Zudem sind alle neuen hauseigenen Optimierer-Modelle als optionales Zubehör möglich. Produktvorteile: • Höherer DC Eingangsstrom • Kleiner und leichter • Mit allen neuen Huawei Optimierern kompatibel * Produkteigenschaften: • AC-Leistung: 12,0 kW • Anzahl MPPT: 2 • AC-Anschluss: 3-phasig • Kommunikation: RS485, Wifi / LAN (optional), 4G / 3G / 2G (optional) • Schutzklasse: IP66 • Kühlung: aktiv • Abmessungen: 460 x 546 x 228 mm (H x B x T) • Gewicht: 21,0 kg *kompatibel mit Huawei Optimierer"
1004;"HUAWEI WR-SUN2000-10KTL-M1";Stk;0,00;1;20,00;1.362,08;1.890,00;Huawei;"Schon seit Jahren ist der global agierende Hersteller Huawei erfolgreich im Photovoltaik- und Speichermarkt unterwegs. Dies zeigt sich auch in einer breiten Palette an Wechselrichtern für jeden Anwendungsfall. Egal ob XXL Großanlage oder anspruchsvolles Komplettsystem mit Speicher und intelligentem Zubehör im Heimgebrauch. Dank der direkten Anbindung des hauseigenen LUNA Hochvoltspeichers sowie der Moduloptimierer bieten die 3-phasigen Geräte der M1-Serie maximale Flexibilität im Residential-Bereich. Eine umfangreiche Palette an Kommunikations- und Schutzkomponenten plus Backup-Funktion rundet alles ideal ab. Produktvorteile: • 13,5 A Eingangsstrom pro MPPT • WLAN-FE Dongle bei Wechselrichter enthalten • Auch mit Huawei Optimierern kompatibel Produkteigenschaften: • AC-Leistung: 10,0 kW • Anzahl MPPT: 2 • Überspannungsschutz: Typ 2 AC + DC • AC-Anschluss: 3-phasig • Kommunikation: RS485, WLAN / LAN mit Dongle • Schutzklasse: IP65 • Kühlung: passiv • Abmessungen: 470 x 525 x 146 mm (H x B x T) • Gewicht: 17,0 kg"
1003;"HUAWEI SMART PV OPTIMIERER 600W";Stk;0,00;1;20,00;37,57;59,00;Huawei;"Mit ihren Smart PV Optimieren ergänzt Huawei die sprichwörtliche Kirsche auf der Torte. Sowohl für Teil- als auch Volloptimierung einsetzbar und ohne zusätzlichen Verkabelungsaufwand stehen alle Anwendungsarten frei. Selbst die bisher fest vergebene Funktion von extralangen Strings ist nun machbar. Hier sind je nach Wechselrichtermodell bis zu 35 Module (mit Volloptimierung) pro String möglich. Die integrierte Lichtbogenerkennung bringt ein markantes Sicherheits-Plus. Selbstverständlich erfolgt die Visualisierung im Huawei FusionSolar Portal samt App. Produktvorteile: • Die smarte Ergänzung für Ihr Huawei Heimspeichersystem • Auch für partielle Anwendung einsetzbar • Bei Volloptimierung lange Strings möglich • Integrierte Lichtbogenerkennung • Überwachung in der Huawei App Produkteigenschaften: • Max DC-Leistung: 600 Wp • Max. Strom Isc: 14,5 A • Spannungsbereich: 10 bis 80 V • Kommunikation: MBus / Powerline • Verbindungsstecker: MC4 • Länge Anschlusskabel: 0,15 m (Modul), 1,3 m (Ausgang) • Schutzklasse: IP 68 • Garantie: 25 Jahre • Kompatibel mit: Huawei SUN2000 KTL-L1, -M1, -M2, -M3 (nur bis 40KTL)"
1002;"HUAWEI WALLBOX AC 22, EV CHARGER";Stk;0,00;1;20,00;613,15;890,00;Huawei;"Der Huawei Smart Charger ist die ideale Ergänzung für das SUN2000 Speichersystem. Direkt vernetzt sehen sie alle Energieflüsse von Anlage und Wallbox in einer App. Ladung mit PV-Überschuss und automatischer Phasenumschaltung für noch mehr Effizienz. Hier macht schon die Installation Spaß, denn mit einem flotten 3-Step-Konzept und integrierten Fehlerstromschutzschalter geht alles fix und einfach. Produktvorteile: • Die smarte Ergänzung für Ihr Huawei Heimspeichersystem • Ladung mit PV Überschuss • Automatische Phasenumschaltung für effizientes Laden • AC + DC Fehlerstromschutzschalter integriert • Anlage und Charger – alles in einer App Produkteigenschaften: • Bauform: Wallbox • Ladeleistung: 22 kW • Anschluss Fahrzeug: Typ 2 Buchse • Zugriffskontrolle: RFID (2 Karten im Lieferumfang enthalten) • Netzanschluss: 400 V, 32A, 3-phasig • Kommunikation: Wifi, Ethernet, App • Schutzklasse: IP54 • Abmessungen: 335 x 180 x 145 mm (H x B x T) • Gewicht: 2,9 kg"
1001;"HUAWEI WALLBOX AC 7,4, EV CHARGER";Stk;0,00;1;20,00;575,95;790,00;Huawei;"Der Huawei Smart Charger ist die ideale Ergänzung für das SUN2000 Speichersystem. Direkt vernetzt sehen sie alle Energieflüsse von Anlage und Wallbox in einer App. Ladung mit PV-Überschuss und automatischer Phasenumschaltung für noch mehr Effizienz. Hier macht schon die Installation Spaß, den mit einem flotten 3-Step-Konzept und integrierten Fehlerstromschutzschalter geht alles fix und einfach. Produktvorteile: • Die smarte Ergänzung für Ihr Huawei Heimspeichersystem • Ladung mit PV Überschuss • Automatische Phasenumschaltung für effizientes Laden • AC + DC Fehlerstromschutzschalter integriert • Anlage und Charger – alles in einer App Produkteigenschaften: • Bauform: Wallbox • Ladeleistung: 7,4 kW • Anschluss Fahrzeug: Typ 2 Buchse • Zugriffskontrolle: RFID (2 Karten im Lieferumfang enthalten) • Netzanschluss: 230V, 32A, 1-phasig • Kommunikation: Wifi, Ethernet, App • Schutzklasse: IP54 • Abmessungen: 335 x 180 x 145 mm (H x B x T) • Gewicht: 2,8 kg"
1000;"HUAWEI SMART METER DTSU666-H";Stk;0,00;1;20,00;113,00;249,00;Huawei;"Beim Huawei Smart Power Sensor DTSU666-H handelt es sich um einen dreiphasigen Stromsensor für den Einsatz in Solaranlagen. Das Bauteil verarbeitet eine Spannung von 176 bis 288 Volt und überzeugt mit einer sehr geringen Eigenbedarfsleistung von weniger als einem Watt. Ist der Sensor integriert, zeigt er über den verbauten LCD-Bildschirm die Leistungsdaten an und lässt sich darüber auch mühelos bedienen."
